instant,dteday,season,yr,mnth,holiday,weekday,workingday,weathersit,temp,atemp,hum,windspeed,casual,registered,cnt,prediction
1,0,1,2011,0,0,2,0,2,0.344167,0.363625,0.805833,0.160446,331,654,985,985.0000000000014
2,24,1,2011,0,0,3,0,2,0.363478,0.353739,0.696087,0.248539,131,670,801,801.0000000000005
3,48,1,2011,0,0,1,1,1,0.196364,0.189405,0.437273,0.248309,120,1229,1349,1349.0
4,72,1,2011,0,0,5,1,1,0.2,0.212122,0.590435,0.160296,108,1454,1562,1562.000000000001
5,96,1,2011,0,0,6,1,1,0.226957,0.22927,0.436957,0.1869,82,1518,1600,1600.000000000001
6,120,1,2011,0,0,4,1,1,0.204348,0.233209,0.518261,0.0895652,88,1518,1606,1606.0000000000014
7,144,1,2011,0,0,0,1,2,0.196522,0.208839,0.498696,0.168726,148,1362,1510,1510.000000000001
8,168,1,2011,0,0,2,0,2,0.165,0.162254,0.535833,0.266804,68,891,959,959.0000000000005
9,192,1,2011,0,0,3,0,1,0.138333,0.116175,0.434167,0.36195,54,768,822,822.0
10,216,1,2011,0,0,1,1,1,0.150833,0.150888,0.482917,0.223267,41,1280,1321,1321.0000000000005
11,240,1,2011,0,0,5,1,2,0.169091,0.191464,0.686364,0.122132,43,1220,1263,1263.0000000000023
12,264,1,2011,0,0,6,1,1,0.172727,0.160473,0.599545,0.304627,25,1137,1162,1162.000000000001
13,288,1,2011,0,0,4,1,1,0.165,0.150883,0.470417,0.301,38,1368,1406,1406.000000000001
14,312,1,2011,0,0,0,1,1,0.16087,0.188413,0.537826,0.126548,54,1367,1421,1421.000000000001
15,336,1,2011,0,0,2,0,2,0.233333,0.248112,0.49875,0.157963,222,1026,1248,1248.000000000001
16,360,1,2011,0,0,3,0,1,0.231667,0.234217,0.48375,0.188433,251,953,1204,1204.000000000001
17,384,1,2011,0,1,1,0,2,0.175833,0.176771,0.5375,0.194017,117,883,1000,1000.0000000000018
18,408,1,2011,0,0,5,1,2,0.216667,0.232333,0.861667,0.146775,9,674,683,683.0000000000027
19,432,1,2011,0,0,6,1,2,0.292174,0.298422,0.741739,0.208317,78,1572,1650,1650.0000000000018
20,456,1,2011,0,0,4,1,2,0.261667,0.25505,0.538333,0.195904,83,1844,1927,1927.0000000000014
21,480,1,2011,0,0,0,1,1,0.1775,0.157833,0.457083,0.353242,75,1468,1543,1543.0000000000005
22,504,1,2011,0,0,2,0,1,0.0591304,0.0790696,0.4,0.17197,93,888,981,981.0000000000009
23,528,1,2011,0,0,3,0,1,0.0965217,0.0988391,0.436522,0.2466,150,836,986,986.0000000000009
24,552,1,2011,0,0,1,1,1,0.0973913,0.11793,0.491739,0.15833,86,1330,1416,1416.0000000000014
25,576,1,2011,0,0,5,1,2,0.223478,0.234526,0.616957,0.129796,186,1799,1985,1985.0000000000023
26,600,1,2011,0,0,6,1,3,0.2175,0.2036,0.8625,0.29385,34,472,506,506.00000000000273
27,624,1,2011,0,0,4,1,1,0.195,0.2197,0.6875,0.113837,15,416,431,431.00000000000273
28,648,1,2011,0,0,0,1,2,0.203478,0.223317,0.793043,0.1233,38,1129,1167,1167.0000000000018
29,672,1,2011,0,0,2,0,1,0.196522,0.212126,0.651739,0.145365,123,975,1098,1098.0000000000014
30,695,1,2011,0,0,3,0,1,0.216522,0.250322,0.722174,0.0739826,140,956,1096,1096.0000000000018
31,717,1,2011,0,0,1,1,2,0.180833,0.18625,0.60375,0.187192,42,1459,1501,1501.0000000000018
32,2,1,2011,4,0,5,1,2,0.192174,0.23453,0.829565,0.053213,47,1313,1360,1360.0000000000018
33,26,1,2011,4,0,6,1,2,0.26,0.254417,0.775417,0.264308,72,1454,1526,1526.0000000000014
34,50,1,2011,4,0,4,1,1,0.186957,0.177878,0.437826,0.277752,61,1489,1550,1550.0000000000005
35,74,1,2011,4,0,0,1,2,0.211304,0.228587,0.585217,0.127839,88,1620,1708,1708.000000000001
36,98,1,2011,4,0,2,0,2,0.233333,0.243058,0.929167,0.161079,100,905,1005,1005.0000000000014
37,122,1,2011,4,0,3,0,1,0.285833,0.291671,0.568333,0.1418,354,1269,1623,1623.000000000001
38,146,1,2011,4,0,1,1,1,0.271667,0.303658,0.738333,0.0454083,120,1592,1712,1712.000000000001
39,170,1,2011,4,0,5,1,1,0.220833,0.198246,0.537917,0.36195,64,1466,1530,1530.000000000001
40,194,1,2011,4,0,6,1,2,0.134783,0.144283,0.494783,0.188839,53,1552,1605,1605.0000000000018
41,218,1,2011,4,0,4,1,1,0.144348,0.149548,0.437391,0.221935,47,1491,1538,1538.000000000001
42,242,1,2011,4,0,0,1,1,0.189091,0.213509,0.506364,0.10855,149,1597,1746,1746.000000000001
43,266,1,2011,4,0,2,0,1,0.2225,0.232954,0.544167,0.203367,288,1184,1472,1472.0000000000005
44,290,1,2011,4,0,3,0,1,0.316522,0.324113,0.457391,0.260883,397,1192,1589,1589.000000000001
45,314,1,2011,4,0,1,1,1,0.415,0.39835,0.375833,0.417908,208,1705,1913,1913.0
46,338,1,2011,4,0,5,1,1,0.266087,0.254274,0.314348,0.291374,140,1675,1815,1815.000000000001
47,362,1,2011,4,0,6,1,1,0.318261,0.3162,0.423478,0.251791,218,1897,2115,2115.000000000001
48,386,1,2011,4,0,4,1,1,0.435833,0.428658,0.505,0.230104,259,2216,2475,2475.000000000001
49,410,1,2011,4,0,0,1,1,0.521667,0.511983,0.516667,0.264925,579,2348,2927,2927.0
50,434,1,2011,4,0,2,0,1,0.399167,0.391404,0.187917,0.507463,532,1103,1635,1634.9999999999995
51,458,1,2011,4,0,3,0,1,0.285217,0.27733,0.407826,0.223235,639,1173,1812,1812.000000000001
52,482,1,2011,4,1,1,0,2,0.303333,0.284075,0.605,0.307846,195,912,1107,1107.0000000000018
53,506,1,2011,4,0,5,1,1,0.182222,0.186033,0.577778,0.195683,74,1376,1450,1450.0000000000018
54,530,1,2011,4,0,6,1,1,0.221739,0.245717,0.423043,0.094113,139,1778,1917,1917.0000000000018
55,554,1,2011,4,0,4,1,2,0.295652,0.289191,0.697391,0.250496,100,1707,1807,1807.0000000000018
56,578,1,2011,4,0,0,1,2,0.364348,0.350461,0.712174,0.346539,120,1341,1461,1461.000000000001
57,602,1,2011,4,0,2,0,1,0.2825,0.282192,0.537917,0.186571,424,1545,1969,1969.000000000001
58,626,1,2011,4,0,3,0,1,0.343478,0.351109,0.68,0.125248,694,1708,2402,2402.0000000000014
59,650,1,2011,4,0,1,1,2,0.407273,0.400118,0.876364,0.289686,81,1365,1446,1446.0000000000018
60,4,1,2011,7,0,5,1,1,0.266667,0.263879,0.535,0.216425,137,1714,1851,1851.0000000000005
61,28,1,2011,7,0,6,1,1,0.335,0.320071,0.449583,0.307833,231,1903,2134,2134.0000000000005
62,52,1,2011,7,0,4,1,1,0.198333,0.200133,0.318333,0.225754,123,1562,1685,1685.0000000000005
63,76,1,2011,7,0,0,1,2,0.261667,0.255679,0.610417,0.203346,214,1730,1944,1944.0000000000005
64,100,1,2011,7,0,2,0,2,0.384167,0.378779,0.789167,0.251871,640,1437,2077,2077.0000000000005
65,124,1,2011,7,0,3,0,2,0.376522,0.366252,0.948261,0.343287,114,491,605,605.0000000000009
66,148,1,2011,7,0,1,1,1,0.261739,0.238461,0.551304,0.341352,244,1628,1872,1872.0
67,172,1,2011,7,0,5,1,1,0.2925,0.3024,0.420833,0.12065,316,1817,2133,2133.000000000001
68,196,1,2011,7,0,6,1,2,0.295833,0.286608,0.775417,0.22015,191,1700,1891,1891.0000000000018
69,220,1,2011,7,0,4,1,3,0.389091,0.385668,0.0,0.261877,46,577,623,623.0000000000014
70,244,1,2011,7,0,0,1,2,0.316522,0.305,0.649565,0.23297,247,1730,1977,1977.000000000001
71,268,1,2011,7,0,2,0,1,0.329167,0.32575,0.594583,0.220775,724,1408,2132,2132.0000000000005
72,292,1,2011,7,0,3,0,1,0.384348,0.380091,0.527391,0.270604,982,1435,2417,2417.0000000000005
73,316,1,2011,7,0,1,1,1,0.325217,0.332,0.496957,0.136926,359,1687,2046,2046.000000000001
74,340,1,2011,7,0,5,1,2,0.317391,0.318178,0.655652,0.184309,289,1767,2056,2056.0000000000014
75,364,1,2011,7,0,6,1,2,0.365217,0.36693,0.776522,0.203117,321,1871,2192,2192.000000000002
76,388,1,2011,7,0,4,1,1,0.415,0.410333,0.602917,0.209579,424,2320,2744,2744.000000000001
77,412,1,2011,7,0,0,1,1,0.54,0.527009,0.525217,0.231017,884,2355,3239,3239.0000000000005
78,436,1,2011,7,0,2,0,1,0.4725,0.466525,0.379167,0.368167,1424,1693,3117,3117.0
79,460,1,2011,7,0,3,0,1,0.3325,0.32575,0.47375,0.207721,1047,1424,2471,2471.0000000000005
80,484,2,2011,7,0,1,1,2,0.430435,0.409735,0.737391,0.288783,401,1676,2077,2077.000000000001
81,508,2,2011,7,0,5,1,1,0.441667,0.440642,0.624583,0.22575,460,2243,2703,2703.0000000000014
82,532,2,2011,7,0,6,1,2,0.346957,0.337939,0.839565,0.234261,203,1918,2121,2121.0000000000023
83,556,2,2011,7,0,4,1,2,0.285,0.270833,0.805833,0.243787,166,1699,1865,1865.0000000000023
84,580,2,2011,7,0,0,1,1,0.264167,0.256312,0.495,0.230725,300,1910,2210,2210.000000000001
85,604,2,2011,7,0,2,0,1,0.265833,0.257571,0.394167,0.209571,981,1515,2496,2496.000000000001
86,628,2,2011,7,0,3,0,2,0.253043,0.250339,0.493913,0.1843,472,1221,1693,1693.0000000000018
87,652,2,2011,7,0,1,1,1,0.264348,0.257574,0.302174,0.212204,222,1806,2028,2028.000000000001
88,675,2,2011,7,0,5,1,1,0.3025,0.292908,0.314167,0.226996,317,2108,2425,2425.000000000002
89,697,2,2011,7,0,6,1,2,0.3,0.29735,0.646667,0.172888,168,1368,1536,1536.0000000000027
90,719,2,2011,7,0,4,1,3,0.268333,0.257575,0.918333,0.217646,179,1506,1685,1685.0000000000027
91,6,2,2011,1,0,0,1,2,0.3,0.283454,0.68625,0.258708,307,1920,2227,2227.0
92,30,2,2011,1,0,2,0,2,0.315,0.315637,0.65375,0.197146,898,1354,2252,2252.0000000000005
93,54,2,2011,1,0,3,0,1,0.378333,0.378767,0.48,0.182213,1651,1598,3249,3249.0000000000005
94,78,2,2011,1,0,1,1,1,0.573333,0.542929,0.42625,0.385571,734,2381,3115,3114.9999999999995
95,102,2,2011,1,0,5,1,2,0.414167,0.39835,0.642083,0.388067,167,1628,1795,1795.000000000001
96,126,2,2011,1,0,6,1,1,0.390833,0.387608,0.470833,0.263063,413,2395,2808,2808.000000000001
97,150,2,2011,1,0,4,1,1,0.4375,0.433696,0.602917,0.162312,571,2570,3141,3141.000000000001
98,174,2,2011,1,0,0,1,2,0.335833,0.324479,0.83625,0.226992,172,1299,1471,1471.000000000001
99,198,2,2011,1,0,2,0,2,0.3425,0.341529,0.8775,0.133083,879,1576,2455,2455.000000000001
100,222,2,2011,1,0,3,0,2,0.426667,0.426737,0.8575,0.146767,1188,1707,2895,2895.000000000001
101,246,2,2011,1,0,1,1,2,0.595652,0.565217,0.716956,0.324474,855,2493,3348,3348.0
102,270,2,2011,1,0,5,1,2,0.5025,0.493054,0.739167,0.274879,257,1777,2034,2034.0000000000014
103,294,2,2011,1,0,6,1,2,0.4125,0.417283,0.819167,0.250617,209,1953,2162,2162.000000000002
104,318,2,2011,1,0,4,1,1,0.4675,0.462742,0.540417,0.1107,529,2738,3267,3267.000000000001
105,342,2,2011,1,1,0,0,1,0.446667,0.441913,0.67125,0.226375,642,2484,3126,3126.000000000001
106,366,2,2011,1,0,2,0,3,0.430833,0.425492,0.888333,0.340808,121,674,795,795.0000000000018
107,390,2,2011,1,0,3,0,1,0.456667,0.445696,0.479583,0.303496,1558,2186,3744,3744.0000000000005
108,414,2,2011,1,0,1,1,1,0.5125,0.503146,0.5425,0.163567,669,2760,3429,3429.000000000001
109,438,2,2011,1,0,5,1,2,0.505833,0.489258,0.665833,0.157971,409,2795,3204,3204.000000000002
110,462,2,2011,1,0,6,1,1,0.595,0.564392,0.614167,0.241925,613,3331,3944,3944.000000000001
111,486,2,2011,1,0,4,1,1,0.459167,0.453892,0.407083,0.325258,745,3444,4189,4189.0
112,510,2,2011,1,0,0,1,2,0.336667,0.321954,0.729583,0.219521,177,1506,1683,1683.0000000000014
113,534,2,2011,1,0,2,0,2,0.46,0.450121,0.887917,0.230725,1462,2574,4036,4036.0000000000014
114,558,2,2011,1,0,3,0,2,0.581667,0.551763,0.810833,0.192175,1710,2481,4191,4191.000000000001
115,582,2,2011,1,0,1,1,1,0.606667,0.5745,0.776667,0.185333,773,3300,4073,4073.000000000001
116,606,2,2011,1,0,5,1,1,0.631667,0.594083,0.729167,0.3265,678,3722,4400,4400.000000000001
117,630,2,2011,1,0,6,1,2,0.62,0.575142,0.835417,0.3122,547,3325,3872,3872.0000000000014
118,654,2,2011,1,0,4,1,2,0.6175,0.578929,0.700833,0.320908,569,3489,4058,4058.000000000001
119,677,2,2011,1,0,0,1,1,0.51,0.497463,0.457083,0.240063,878,3717,4595,4595.0
120,699,2,2011,1,0,2,0,1,0.4725,0.464021,0.503333,0.235075,1965,3347,5312,5312.0
121,8,2,2011,8,0,3,0,2,0.451667,0.448204,0.762083,0.106354,1138,2213,3351,3351.000000000001
122,32,2,2011,8,0,1,1,2,0.549167,0.532833,0.73,0.183454,847,3554,4401,4401.0
123,56,2,2011,8,0,5,1,2,0.616667,0.582079,0.697083,0.342667,603,3848,4451,4451.0
124,80,2,2011,8,0,6,1,2,0.414167,0.40465,0.737083,0.328996,255,2378,2633,2633.000000000001
125,104,2,2011,8,0,4,1,1,0.459167,0.441917,0.444167,0.295392,614,3819,4433,4433.0
126,128,2,2011,8,0,0,1,1,0.479167,0.474117,0.59,0.228246,894,3714,4608,4608.0
127,152,2,2011,8,0,2,0,1,0.52,0.512621,0.54125,0.16045,1612,3102,4714,4714.0
128,176,2,2011,8,0,3,0,1,0.528333,0.518933,0.631667,0.0746375,1401,2932,4333,4333.0
129,200,2,2011,8,0,1,1,1,0.5325,0.525246,0.58875,0.176,664,3698,4362,4362.0
130,224,2,2011,8,0,5,1,1,0.5325,0.522721,0.489167,0.115671,694,4109,4803,4803.000000000001
131,248,2,2011,8,0,6,1,1,0.5425,0.5284,0.632917,0.120642,550,3632,4182,4182.000000000001
132,272,2,2011,8,0,4,1,1,0.535,0.523363,0.7475,0.189667,695,4169,4864,4864.000000000001
133,296,2,2011,8,0,0,1,2,0.5125,0.4943,0.863333,0.179725,692,3413,4105,4105.000000000001
134,320,2,2011,8,0,2,0,2,0.520833,0.500629,0.9225,0.13495,902,2507,3409,3409.000000000001
135,344,2,2011,8,0,3,0,2,0.5625,0.536,0.867083,0.152979,1582,2971,4553,4553.000000000001
136,368,2,2011,8,0,1,1,1,0.5775,0.550512,0.787917,0.126871,773,3185,3958,3958.000000000001
137,392,2,2011,8,0,5,1,2,0.561667,0.538529,0.837917,0.277354,678,3445,4123,4123.000000000001
138,416,2,2011,8,0,6,1,2,0.55,0.527158,0.87,0.201492,536,3319,3855,3855.000000000002
139,440,2,2011,8,0,4,1,2,0.530833,0.510742,0.829583,0.108213,735,3840,4575,4575.000000000002
140,464,2,2011,8,0,0,1,1,0.536667,0.529042,0.719583,0.125013,909,4008,4917,4917.000000000001
141,488,2,2011,8,0,2,0,1,0.6025,0.571975,0.626667,0.12065,2258,3547,5805,5805.0
142,512,2,2011,8,0,3,0,1,0.604167,0.5745,0.749583,0.148008,1576,3084,4660,4660.000000000001
143,536,2,2011,8,0,1,1,2,0.631667,0.590296,0.81,0.233842,836,3438,4274,4274.000000000001
144,560,2,2011,8,0,5,1,2,0.66,0.604813,0.740833,0.207092,659,3833,4492,4492.000000000001
145,584,2,2011,8,0,6,1,1,0.660833,0.615542,0.69625,0.154233,740,4238,4978,4978.000000000001
146,608,2,2011,8,0,4,1,1,0.708333,0.654688,0.6775,0.199642,758,3919,4677,4677.000000000001
147,632,2,2011,8,0,0,1,1,0.681667,0.637008,0.65375,0.240679,871,3808,4679,4679.0
148,656,2,2011,8,0,2,0,1,0.655833,0.612379,0.729583,0.230092,2001,2757,4758,4758.0
149,679,2,2011,8,0,3,0,1,0.6675,0.61555,0.81875,0.213938,2355,2433,4788,4788.000000000001
150,701,2,2011,8,1,1,0,1,0.733333,0.671092,0.685,0.131225,1549,2549,4098,4098.000000000001
151,721,2,2011,8,0,5,1,1,0.775,0.725383,0.636667,0.111329,673,3309,3982,3982.0000000000014
152,10,2,2011,6,0,6,1,2,0.764167,0.720967,0.677083,0.207092,513,3461,3974,3974.0000000000005
153,34,2,2011,6,0,4,1,1,0.715,0.643942,0.305,0.292287,736,4232,4968,4967.999999999999
154,58,2,2011,6,0,0,1,1,0.62,0.587133,0.354167,0.253121,898,4414,5312,5311.999999999999
155,82,2,2011,6,0,2,0,1,0.635,0.594696,0.45625,0.123142,1869,3473,5342,5342.0
156,106,2,2011,6,0,3,0,2,0.648333,0.616804,0.6525,0.138692,1685,3221,4906,4906.0
157,130,2,2011,6,0,1,1,1,0.678333,0.621858,0.6,0.121896,673,3875,4548,4548.0
158,154,2,2011,6,0,5,1,1,0.7075,0.65595,0.597917,0.187808,763,4070,4833,4833.0
159,178,2,2011,6,0,6,1,1,0.775833,0.727279,0.622083,0.136817,676,3725,4401,4401.000000000001
160,202,2,2011,6,0,4,1,2,0.808333,0.757579,0.568333,0.149883,563,3352,3915,3915.0000000000005
161,226,2,2011,6,0,0,1,1,0.755,0.703292,0.605,0.140554,815,3771,4586,4586.0
162,250,2,2011,6,0,2,0,1,0.725,0.678038,0.654583,0.15485,1729,3237,4966,4966.0
163,274,2,2011,6,0,3,0,1,0.6925,0.643325,0.747917,0.163567,1467,2993,4460,4460.0
164,298,2,2011,6,0,1,1,1,0.635,0.601654,0.494583,0.30535,863,4157,5020,5020.0
165,322,2,2011,6,0,5,1,1,0.604167,0.591546,0.507083,0.269283,727,4164,4891,4891.0
166,346,2,2011,6,0,6,1,1,0.626667,0.587754,0.471667,0.167912,769,4411,5180,5180.000000000001
167,370,2,2011,6,0,4,1,2,0.628333,0.595346,0.688333,0.206471,545,3222,3767,3767.000000000001
168,394,2,2011,6,0,0,1,1,0.649167,0.600383,0.735833,0.143029,863,3981,4844,4844.0
169,418,2,2011,6,0,2,0,1,0.696667,0.643954,0.670417,0.119408,1807,3312,5119,5119.0
170,442,2,2011,6,0,3,0,2,0.699167,0.645846,0.666667,0.102,1639,3105,4744,4744.000000000001
171,466,2,2011,6,0,1,1,2,0.635,0.595346,0.74625,0.155475,699,3311,4010,4010.000000000001
172,490,0,2011,6,0,5,1,2,0.680833,0.637646,0.770417,0.171025,774,4061,4835,4835.000000000001
173,514,0,2011,6,0,6,1,1,0.733333,0.693829,0.7075,0.172262,661,3846,4507,4507.000000000001
174,538,0,2011,6,0,4,1,2,0.728333,0.693833,0.703333,0.238804,746,4044,4790,4790.0
175,562,0,2011,6,0,0,1,1,0.724167,0.656583,0.573333,0.222025,969,4022,4991,4991.0
176,586,0,2011,6,0,2,0,1,0.695,0.643313,0.483333,0.209571,1782,3420,5202,5202.0
177,610,0,2011,6,0,3,0,1,0.68,0.637629,0.513333,0.0945333,1920,3385,5305,5305.0
178,634,0,2011,6,0,1,1,2,0.6825,0.637004,0.658333,0.107588,854,3854,4708,4708.000000000001
179,658,0,2011,6,0,5,1,1,0.744167,0.692558,0.634167,0.144283,732,3916,4648,4648.000000000001
180,681,0,2011,6,0,6,1,1,0.728333,0.654688,0.497917,0.261821,848,4377,5225,5225.0
181,703,0,2011,6,0,4,1,1,0.696667,0.637008,0.434167,0.185312,1027,4488,5515,5515.0
182,12,0,2011,5,0,0,1,1,0.7225,0.652162,0.39625,0.102608,1246,4116,5362,5361.999999999999
183,36,0,2011,5,0,2,0,1,0.738333,0.667308,0.444583,0.115062,2204,2915,5119,5118.999999999999
184,60,0,2011,5,0,3,0,2,0.716667,0.668575,0.6825,0.228858,2282,2367,4649,4649.0
185,84,0,2011,5,1,1,0,2,0.726667,0.665417,0.637917,0.0814792,3065,2978,6043,6043.0
186,108,0,2011,5,0,5,1,1,0.746667,0.696338,0.590417,0.126258,1031,3634,4665,4665.0
187,132,0,2011,5,0,6,1,1,0.72,0.685633,0.743333,0.149883,784,3845,4629,4629.0
188,156,0,2011,5,0,4,1,1,0.75,0.686871,0.65125,0.1592,754,3838,4592,4592.0
189,180,0,2011,5,0,0,1,2,0.709167,0.670483,0.757917,0.225129,692,3348,4040,4039.9999999999995
190,204,0,2011,5,0,2,0,1,0.733333,0.664158,0.609167,0.167912,1988,3348,5336,5335.999999999999
191,228,0,2011,5,0,3,0,1,0.7475,0.690025,0.578333,0.183471,1743,3138,4881,4881.0
192,252,0,2011,5,0,1,1,1,0.7625,0.729804,0.635833,0.282337,723,3363,4086,4085.999999999999
193,276,0,2011,5,0,5,1,1,0.794167,0.739275,0.559167,0.200254,662,3596,4258,4258.0
194,300,0,2011,5,0,6,1,1,0.746667,0.689404,0.631667,0.146133,748,3594,4342,4342.0
195,324,0,2011,5,0,4,1,1,0.680833,0.635104,0.47625,0.240667,888,4196,5084,5084.0
196,348,0,2011,5,0,0,1,1,0.663333,0.624371,0.59125,0.182833,1318,4220,5538,5537.999999999999
197,372,0,2011,5,0,2,0,1,0.686667,0.638263,0.585,0.208342,2418,3505,5923,5923.0
198,396,0,2011,5,0,3,0,1,0.719167,0.669833,0.604167,0.245033,2006,3296,5302,5301.999999999999
199,420,0,2011,5,0,1,1,1,0.746667,0.703925,0.65125,0.215804,841,3617,4458,4458.0
200,444,0,2011,5,0,5,1,1,0.776667,0.747479,0.650417,0.1306,752,3789,4541,4541.0
201,468,0,2011,5,0,6,1,1,0.768333,0.74685,0.707083,0.113817,644,3688,4332,4332.000000000001
202,492,0,2011,5,0,4,1,2,0.815,0.826371,0.69125,0.222021,632,3152,3784,3784.0000000000005
203,516,0,2011,5,0,0,1,1,0.848333,0.840896,0.580417,0.1331,562,2825,3387,3387.0
204,540,0,2011,5,0,2,0,1,0.849167,0.804287,0.5,0.131221,987,2298,3285,3285.0
205,564,0,2011,5,0,3,0,1,0.83,0.794829,0.550833,0.169171,1050,2556,3606,3606.0
206,588,0,2011,5,0,1,1,1,0.743333,0.720958,0.757083,0.0908083,568,3272,3840,3840.0000000000005
207,612,0,2011,5,0,5,1,1,0.771667,0.696979,0.540833,0.200258,750,3840,4590,4590.0
208,636,0,2011,5,0,6,1,1,0.775,0.690667,0.402917,0.183463,755,3901,4656,4656.0
209,660,0,2011,5,0,4,1,1,0.779167,0.7399,0.583333,0.178479,606,3784,4390,4390.0
210,683,0,2011,5,0,0,1,1,0.838333,0.785967,0.5425,0.174138,670,3176,3846,3846.0
211,705,0,2011,5,0,2,0,1,0.804167,0.728537,0.465833,0.168537,1559,2916,4475,4475.0
212,723,0,2011,5,0,3,0,1,0.805833,0.729796,0.480833,0.164813,1524,2778,4302,4302.0
213,14,0,2011,2,0,1,1,1,0.771667,0.703292,0.550833,0.156717,729,3537,4266,4265.999999999999
214,38,0,2011,2,0,5,1,1,0.783333,0.707071,0.49125,0.20585,801,4044,4845,4844.999999999999
215,62,0,2011,2,0,6,1,2,0.731667,0.679937,0.6575,0.135583,467,3107,3574,3574.0
216,86,0,2011,2,0,4,1,2,0.71,0.664788,0.7575,0.19715,799,3777,4576,4576.0
217,110,0,2011,2,0,0,1,1,0.710833,0.656567,0.630833,0.184696,1023,3843,4866,4865.999999999999
218,134,0,2011,2,0,2,0,2,0.716667,0.676154,0.755,0.22825,1521,2773,4294,4294.0
219,158,0,2011,2,0,3,0,1,0.7425,0.715292,0.752917,0.201487,1298,2487,3785,3784.9999999999995
220,182,0,2011,2,0,1,1,1,0.765,0.703283,0.592083,0.192175,846,3480,4326,4325.999999999999
221,206,0,2011,2,0,5,1,1,0.775,0.724121,0.570417,0.151121,907,3695,4602,4602.0
222,230,0,2011,2,0,6,1,1,0.766667,0.684983,0.424167,0.200258,884,3896,4780,4780.0
223,254,0,2011,2,0,4,1,1,0.7175,0.651521,0.42375,0.164796,812,3980,4792,4792.0
224,278,0,2011,2,0,0,1,1,0.708333,0.654042,0.415,0.125621,1051,3854,4905,4904.999999999999
225,302,0,2011,2,0,2,0,2,0.685833,0.645858,0.729583,0.211454,1504,2646,4150,4150.0
226,326,0,2011,2,0,3,0,2,0.676667,0.624388,0.8175,0.222633,1338,2482,3820,3820.0
227,350,0,2011,2,0,1,1,1,0.665833,0.616167,0.712083,0.208954,775,3563,4338,4338.0
228,374,0,2011,2,0,5,1,1,0.700833,0.645837,0.578333,0.236329,721,4004,4725,4725.0
229,398,0,2011,2,0,6,1,1,0.723333,0.666671,0.575417,0.143667,668,4026,4694,4694.0
230,422,0,2011,2,0,4,1,1,0.711667,0.662258,0.654583,0.233208,639,3166,3805,3805.0
231,446,0,2011,2,0,0,1,2,0.685,0.633221,0.722917,0.139308,797,3356,4153,4153.0
232,470,0,2011,2,0,2,0,1,0.6975,0.648996,0.674167,0.104467,1914,3277,5191,5191.0
233,494,0,2011,2,0,3,0,1,0.710833,0.675525,0.77,0.248754,1249,2624,3873,3873.0
234,518,0,2011,2,0,1,1,1,0.691667,0.638254,0.47,0.27675,833,3925,4758,4757.999999999999
235,542,0,2011,2,0,5,1,1,0.640833,0.606067,0.455417,0.146763,1281,4614,5895,5895.0
236,566,0,2011,2,0,6,1,1,0.673333,0.630692,0.605,0.253108,949,4181,5130,5130.0
237,590,0,2011,2,0,4,1,2,0.684167,0.645854,0.771667,0.210833,435,3107,3542,3542.000000000001
238,614,0,2011,2,0,0,1,1,0.7,0.659733,0.76125,0.0839625,768,3893,4661,4661.0
239,638,0,2011,2,0,2,0,2,0.68,0.635556,0.85,0.375617,226,889,1115,1115.0000000000005
240,662,0,2011,2,0,3,0,1,0.707059,0.647959,0.561765,0.304659,1415,2919,4334,4334.0
241,685,0,2011,2,0,1,1,1,0.636667,0.607958,0.554583,0.159825,729,3905,4634,4634.0
242,707,0,2011,2,0,5,1,1,0.639167,0.594704,0.548333,0.125008,775,4429,5204,5204.000000000001
243,725,0,2011,2,0,6,1,1,0.656667,0.611121,0.597917,0.0833333,688,4370,5058,5058.000000000001
244,16,0,2011,11,0,4,1,1,0.655,0.614921,0.639167,0.141796,783,4332,5115,5114.999999999999
245,40,0,2011,11,0,0,1,2,0.643333,0.604808,0.727083,0.139929,875,3852,4727,4726.999999999999
246,64,0,2011,11,0,2,0,1,0.669167,0.633213,0.716667,0.185325,1935,2549,4484,4483.999999999999
247,88,0,2011,11,0,3,0,1,0.709167,0.665429,0.742083,0.206467,2521,2419,4940,4940.0
248,112,0,2011,11,1,1,0,2,0.673333,0.625646,0.790417,0.212696,1236,2115,3351,3351.0
249,136,0,2011,11,0,5,1,3,0.54,0.5152,0.886957,0.343943,204,2506,2710,2710.0000000000005
250,160,0,2011,11,0,6,1,3,0.599167,0.544229,0.917083,0.0970208,118,1878,1996,1996.0000000000014
251,184,0,2011,11,0,4,1,3,0.633913,0.555361,0.939565,0.192748,153,1689,1842,1842.000000000001
252,208,0,2011,11,0,0,1,2,0.65,0.578946,0.897917,0.124379,417,3127,3544,3544.0
253,232,0,2011,11,0,2,0,1,0.66,0.607962,0.75375,0.153608,1750,3595,5345,5345.0
254,256,0,2011,11,0,3,0,1,0.653333,0.609229,0.71375,0.115054,1633,3413,5046,5046.0
255,280,0,2011,11,0,1,1,1,0.644348,0.60213,0.692174,0.088913,690,4023,4713,4713.0
256,304,0,2011,11,0,5,1,1,0.650833,0.603554,0.7125,0.141804,701,4062,4763,4763.0
257,328,0,2011,11,0,6,1,1,0.673333,0.6269,0.697083,0.1673,647,4138,4785,4785.0
258,352,0,2011,11,0,4,1,2,0.5775,0.553671,0.709167,0.271146,428,3231,3659,3659.0
259,376,0,2011,11,0,0,1,2,0.469167,0.461475,0.590417,0.164183,742,4018,4760,4760.0
260,400,0,2011,11,0,2,0,2,0.491667,0.478512,0.718333,0.189675,1434,3077,4511,4511.0
261,424,0,2011,11,0,3,0,1,0.5075,0.490537,0.695,0.178483,1353,2921,4274,4274.0
262,448,0,2011,11,0,1,1,2,0.549167,0.529675,0.69,0.151742,691,3848,4539,4539.0
263,472,0,2011,11,0,5,1,2,0.561667,0.532217,0.88125,0.134954,438,3203,3641,3641.000000000001
264,496,0,2011,11,0,6,1,2,0.595,0.550533,0.9,0.0964042,539,3813,4352,4352.000000000001
265,520,0,2011,11,0,4,1,2,0.628333,0.554963,0.902083,0.128125,555,4240,4795,4795.000000000001
266,544,3,2011,11,0,0,1,2,0.609167,0.522125,0.9725,0.0783667,258,2137,2395,2395.000000000002
267,568,3,2011,11,0,2,0,2,0.606667,0.564412,0.8625,0.0783833,1776,3647,5423,5423.000000000001
268,592,3,2011,11,0,3,0,2,0.634167,0.572637,0.845,0.0503792,1544,3466,5010,5010.000000000002
269,616,3,2011,11,0,1,1,2,0.649167,0.589042,0.848333,0.1107,684,3946,4630,4630.000000000001
270,640,3,2011,11,0,5,1,2,0.636667,0.574525,0.885417,0.118171,477,3643,4120,4120.000000000002
271,664,3,2011,11,0,6,1,2,0.635,0.575158,0.84875,0.148629,480,3427,3907,3907.000000000002
272,687,3,2011,11,0,4,1,1,0.616667,0.574512,0.699167,0.172883,653,4186,4839,4839.000000000001
273,709,3,2011,11,0,0,1,1,0.564167,0.544829,0.6475,0.206475,830,4372,5202,5202.0
274,18,3,2011,10,0,2,0,2,0.41,0.412863,0.75375,0.292296,480,1949,2429,2429.0
275,42,3,2011,10,0,3,0,2,0.356667,0.345317,0.791667,0.222013,616,2302,2918,2918.000000000001
276,66,3,2011,10,0,1,1,2,0.384167,0.392046,0.760833,0.0833458,330,3240,3570,3570.000000000001
277,90,3,2011,10,0,5,1,1,0.484167,0.472858,0.71,0.205854,486,3970,4456,4456.0
278,114,3,2011,10,0,6,1,1,0.538333,0.527138,0.647917,0.17725,559,4267,4826,4826.0
279,138,3,2011,10,0,4,1,1,0.494167,0.480425,0.620833,0.134954,639,4126,4765,4765.0
280,162,3,2011,10,0,0,1,1,0.510833,0.504404,0.684167,0.0223917,949,4036,4985,4985.0
281,186,3,2011,10,0,2,0,1,0.521667,0.513242,0.70125,0.0454042,2235,3174,5409,5409.0
282,210,3,2011,10,0,3,0,1,0.540833,0.523983,0.7275,0.06345,2397,3114,5511,5511.0
283,234,3,2011,10,1,1,0,1,0.570833,0.542925,0.73375,0.0423042,1514,3603,5117,5117.000000000001
284,258,3,2011,10,0,5,1,2,0.566667,0.546096,0.80875,0.143042,667,3896,4563,4563.000000000001
285,282,3,2011,10,0,6,1,3,0.543333,0.517717,0.90625,0.24815,217,2199,2416,2416.000000000002
286,306,3,2011,10,0,4,1,2,0.589167,0.551804,0.896667,0.141787,290,2623,2913,2913.0000000000014
287,330,3,2011,10,0,0,1,2,0.550833,0.529675,0.71625,0.223883,529,3115,3644,3644.0000000000005
288,354,3,2011,10,0,2,0,1,0.506667,0.498725,0.483333,0.258083,1899,3318,5217,5217.0
289,378,3,2011,10,0,3,0,1,0.511667,0.503154,0.486667,0.281717,1748,3293,5041,5041.0
290,402,3,2011,10,0,1,1,1,0.534167,0.510725,0.579583,0.175379,713,3857,4570,4570.0
291,426,3,2011,10,0,5,1,2,0.5325,0.522721,0.701667,0.110087,637,4111,4748,4748.000000000002
292,450,3,2011,10,0,6,1,3,0.541739,0.513848,0.895217,0.243339,254,2170,2424,2424.000000000002
293,474,3,2011,10,0,4,1,1,0.475833,0.466525,0.63625,0.422275,471,3724,4195,4195.0
294,498,3,2011,10,0,0,1,1,0.4275,0.423596,0.574167,0.221396,676,3628,4304,4304.0
295,522,3,2011,10,0,2,0,1,0.4225,0.425492,0.629167,0.0926667,1499,2809,4308,4308.000000000001
296,546,3,2011,10,0,3,0,1,0.421667,0.422333,0.74125,0.0995125,1619,2762,4381,4381.000000000001
297,570,3,2011,10,0,1,1,1,0.463333,0.457067,0.772083,0.118792,699,3488,4187,4187.000000000001
298,594,3,2011,10,0,5,1,1,0.471667,0.463375,0.622917,0.166658,695,3992,4687,4687.000000000001
299,618,3,2011,10,0,6,1,2,0.484167,0.472846,0.720417,0.148642,404,3490,3894,3894.000000000002
300,642,3,2011,10,0,4,1,2,0.47,0.457046,0.812917,0.197763,240,2419,2659,2659.000000000002
301,666,3,2011,10,0,0,1,2,0.330833,0.318812,0.585833,0.229479,456,3291,3747,3747.000000000001
302,689,3,2011,10,0,2,0,3,0.254167,0.227913,0.8825,0.351371,57,570,627,627.0000000000018
303,711,3,2011,10,0,3,0,1,0.319167,0.321329,0.62375,0.176617,885,2446,3331,3331.0000000000014
304,727,3,2011,10,0,1,1,1,0.34,0.356063,0.703333,0.10635,362,3307,3669,3669.0000000000014
305,20,3,2011,9,0,5,1,1,0.400833,0.397088,0.68375,0.135571,410,3658,4068,4068.0000000000005
306,44,3,2011,9,0,6,1,1,0.3775,0.390133,0.71875,0.0820917,370,3816,4186,4186.000000000001
307,68,3,2011,9,0,4,1,1,0.408333,0.405921,0.702083,0.136817,318,3656,3974,3974.0000000000005
308,92,3,2011,9,0,0,1,2,0.403333,0.403392,0.6225,0.271779,470,3576,4046,4046.0
309,116,3,2011,9,0,2,0,1,0.326667,0.323854,0.519167,0.189062,1156,2770,3926,3926.0
310,140,3,2011,9,0,3,0,1,0.348333,0.362358,0.734583,0.0920542,952,2697,3649,3649.0000000000005
311,164,3,2011,9,0,1,1,1,0.395,0.400871,0.75875,0.057225,373,3662,4035,4035.0000000000005
312,188,3,2011,9,0,5,1,1,0.408333,0.412246,0.721667,0.0690375,376,3829,4205,4205.000000000001
313,212,3,2011,9,0,6,1,1,0.4,0.409079,0.758333,0.0621958,305,3804,4109,4109.000000000001
314,236,3,2011,9,0,4,1,2,0.38,0.373721,0.813333,0.189067,190,2743,2933,2933.000000000001
315,260,3,2011,9,1,0,0,1,0.324167,0.306817,0.44625,0.314675,440,2928,3368,3368.0
316,284,3,2011,9,0,2,0,1,0.356667,0.357942,0.552917,0.212062,1275,2792,4067,4067.0
317,308,3,2011,9,0,3,0,1,0.440833,0.43055,0.458333,0.281721,1004,2713,3717,3717.0
318,332,3,2011,9,0,1,1,1,0.53,0.524612,0.587083,0.306596,595,3891,4486,4486.0
319,356,3,2011,9,0,5,1,2,0.53,0.507579,0.68875,0.199633,449,3746,4195,4195.000000000001
320,380,3,2011,9,0,6,1,3,0.456667,0.451988,0.93,0.136829,145,1672,1817,1817.0000000000023
321,404,3,2011,9,0,4,1,2,0.341667,0.323221,0.575833,0.305362,139,2914,3053,3053.000000000001
322,428,3,2011,9,0,0,1,1,0.274167,0.272721,0.41,0.168533,245,3147,3392,3392.0
323,452,3,2011,9,0,2,0,1,0.329167,0.324483,0.502083,0.224496,943,2720,3663,3663.0000000000005
324,476,3,2011,9,0,3,0,2,0.463333,0.457058,0.684583,0.18595,787,2733,3520,3520.000000000001
325,500,3,2011,9,0,1,1,3,0.4475,0.445062,0.91,0.138054,220,2545,2765,2765.000000000002
326,524,3,2011,9,0,5,1,3,0.416667,0.421696,0.9625,0.118792,69,1538,1607,1607.0000000000027
327,548,3,2011,9,0,6,1,2,0.440833,0.430537,0.757917,0.335825,112,2454,2566,2566.0000000000014
328,572,3,2011,9,1,4,0,1,0.373333,0.372471,0.549167,0.167304,560,935,1495,1495.0000000000023
329,596,3,2011,9,0,0,1,1,0.375,0.380671,0.64375,0.0988958,1095,1697,2792,2792.000000000001
330,620,3,2011,9,0,2,0,1,0.375833,0.385087,0.681667,0.0684208,1249,1819,3068,3068.000000000001
331,644,3,2011,9,0,3,0,1,0.459167,0.4558,0.698333,0.208954,810,2261,3071,3071.000000000001
332,668,3,2011,9,0,1,1,1,0.503478,0.490122,0.743043,0.142122,253,3614,3867,3867.000000000001
333,691,3,2011,9,0,5,1,2,0.458333,0.451375,0.830833,0.258092,96,2818,2914,2914.000000000002
334,713,3,2011,9,0,6,1,1,0.325,0.311221,0.613333,0.271158,188,3425,3613,3613.0000000000014
335,22,3,2011,3,0,4,1,1,0.3125,0.305554,0.524583,0.220158,182,3545,3727,3727.0
336,46,3,2011,3,0,0,1,1,0.314167,0.331433,0.625833,0.100754,268,3672,3940,3940.0
337,70,3,2011,3,0,2,0,1,0.299167,0.310604,0.612917,0.0957833,706,2908,3614,3614.0
338,94,3,2011,3,0,3,0,1,0.330833,0.3491,0.775833,0.0839583,634,2851,3485,3485.0000000000005
339,118,3,2011,3,0,1,1,2,0.385833,0.393925,0.827083,0.0622083,233,3578,3811,3811.000000000001
340,142,3,2011,3,0,5,1,3,0.4625,0.4564,0.949583,0.232583,126,2468,2594,2594.0000000000014
341,166,3,2011,3,0,6,1,3,0.41,0.400246,0.970417,0.266175,50,655,705,705.0000000000023
342,190,3,2011,3,0,4,1,1,0.265833,0.256938,0.58,0.240058,150,3172,3322,3322.0000000000005
343,214,3,2011,3,0,0,1,1,0.290833,0.317542,0.695833,0.0827167,261,3359,3620,3620.0
344,238,3,2011,3,0,2,0,1,0.275,0.266412,0.5075,0.233221,502,2688,3190,3190.0
345,262,3,2011,3,0,3,0,1,0.220833,0.253154,0.49,0.0665417,377,2366,2743,2743.000000000001
346,286,3,2011,3,0,1,1,1,0.238333,0.270196,0.670833,0.06345,143,3167,3310,3310.000000000001
347,310,3,2011,3,0,5,1,1,0.2825,0.301138,0.59,0.14055,155,3368,3523,3523.000000000001
348,334,3,2011,3,0,6,1,2,0.3175,0.338362,0.66375,0.0609583,178,3562,3740,3740.000000000002
349,358,3,2011,3,0,4,1,2,0.4225,0.412237,0.634167,0.268042,181,3528,3709,3709.000000000001
350,382,3,2011,3,0,0,1,2,0.375,0.359825,0.500417,0.260575,178,3399,3577,3577.0
351,406,3,2011,3,0,2,0,2,0.258333,0.249371,0.560833,0.243167,275,2464,2739,2739.0000000000005
352,430,3,2011,3,0,3,0,1,0.238333,0.245579,0.58625,0.169779,220,2211,2431,2431.000000000001
353,454,3,2011,3,0,1,1,1,0.276667,0.280933,0.6375,0.172896,260,3143,3403,3403.0000000000005
354,478,3,2011,3,0,5,1,2,0.385833,0.396454,0.595417,0.0615708,216,3534,3750,3750.000000000002
355,502,1,2011,3,0,6,1,2,0.428333,0.428017,0.858333,0.2214,107,2553,2660,2660.0000000000014
356,526,1,2011,3,0,4,1,2,0.423333,0.426121,0.7575,0.047275,227,2841,3068,3068.0000000000014
357,550,1,2011,3,0,0,1,1,0.373333,0.377513,0.68625,0.274246,163,2046,2209,2209.0
358,574,1,2011,3,0,2,0,1,0.3025,0.299242,0.5425,0.190304,155,856,1011,1011.0000000000009
359,598,1,2011,3,0,3,0,1,0.274783,0.279961,0.681304,0.155091,303,451,754,754.0000000000009
360,622,1,2011,3,1,1,0,1,0.321739,0.315535,0.506957,0.239465,430,887,1317,1317.0000000000005
361,646,1,2011,3,0,5,1,2,0.325,0.327633,0.7625,0.18845,103,1059,1162,1162.0000000000018
362,670,1,2011,3,0,6,1,1,0.29913,0.279974,0.503913,0.293961,255,2047,2302,2302.000000000001
363,693,1,2011,3,0,4,1,1,0.248333,0.263892,0.574167,0.119412,254,2169,2423,2423.000000000001
364,715,1,2011,3,0,0,1,1,0.311667,0.318812,0.636667,0.134337,491,2508,2999,2999.000000000001
365,729,1,2011,3,0,2,0,1,0.41,0.414121,0.615833,0.220154,665,1820,2485,2485.0
366,1,1,2012,0,0,3,0,1,0.37,0.375621,0.6925,0.192167,686,1608,2294,2293.9999999999995
367,25,1,2012,0,1,1,0,1,0.273043,0.252304,0.381304,0.329665,244,1707,1951,1950.9999999999995
368,49,1,2012,0,0,5,1,1,0.15,0.126275,0.44125,0.365671,89,2147,2236,2236.0
369,73,1,2012,0,0,6,1,2,0.1075,0.119337,0.414583,0.1847,95,2273,2368,2368.0000000000005
370,97,1,2012,0,0,4,1,1,0.265833,0.278412,0.524167,0.129987,140,3132,3272,3272.0
371,121,1,2012,0,0,0,1,1,0.334167,0.340267,0.542083,0.167908,307,3791,4098,4097.999999999999
372,145,1,2012,0,0,2,0,1,0.393333,0.390779,0.531667,0.174758,1070,3451,4521,4520.999999999999
373,169,1,2012,0,0,3,0,1,0.3375,0.340258,0.465,0.191542,599,2826,3425,3424.9999999999995
374,193,1,2012,0,0,1,1,2,0.224167,0.247479,0.701667,0.0989,106,2270,2376,2376.0000000000005
375,217,1,2012,0,0,5,1,1,0.308696,0.318826,0.646522,0.187552,173,3425,3598,3598.0
376,241,1,2012,0,0,6,1,2,0.274167,0.282821,0.8475,0.131221,92,2085,2177,2177.0000000000014
377,265,1,2012,0,0,4,1,2,0.3825,0.381938,0.802917,0.180967,269,3828,4097,4097.0
378,289,1,2012,0,0,0,1,1,0.274167,0.249362,0.5075,0.378108,174,3040,3214,3213.999999999999
379,313,1,2012,0,0,2,0,1,0.18,0.183087,0.4575,0.187183,333,2160,2493,2493.0
380,337,1,2012,0,0,3,0,1,0.166667,0.161625,0.419167,0.251258,284,2027,2311,2310.9999999999995
381,361,1,2012,0,1,1,0,1,0.19,0.190663,0.5225,0.231358,217,2081,2298,2298.0000000000005
382,385,1,2012,0,0,5,1,2,0.373043,0.364278,0.716087,0.34913,127,2808,2935,2935.0000000000005
383,409,1,2012,0,0,6,1,1,0.303333,0.275254,0.443333,0.415429,109,3267,3376,3376.0
384,433,1,2012,0,0,4,1,1,0.19,0.190038,0.4975,0.220158,130,3162,3292,3292.0
385,457,1,2012,0,0,0,1,2,0.2175,0.220958,0.45,0.20275,115,3048,3163,3163.0
386,481,1,2012,0,0,2,0,2,0.173333,0.174875,0.83125,0.222642,67,1234,1301,1301.000000000001
387,505,1,2012,0,0,3,0,2,0.1625,0.16225,0.79625,0.199638,196,1781,1977,1977.000000000001
388,529,1,2012,0,0,1,1,2,0.218333,0.243058,0.91125,0.110708,145,2287,2432,2432.000000000001
389,553,1,2012,0,0,5,1,1,0.3425,0.349108,0.835833,0.123767,439,3900,4339,4339.000000000001
390,577,1,2012,0,0,6,1,1,0.294167,0.294821,0.64375,0.161071,467,3803,4270,4270.000000000001
391,601,1,2012,0,0,4,1,2,0.341667,0.35605,0.769583,0.0733958,244,3831,4075,4075.000000000001
392,625,1,2012,0,0,0,1,2,0.425,0.415383,0.74125,0.342667,269,3187,3456,3456.0
393,649,1,2012,0,0,2,0,1,0.315833,0.326379,0.543333,0.210829,775,3248,4023,4023.0
394,673,1,2012,0,0,3,0,1,0.2825,0.272721,0.31125,0.24005,558,2685,3243,3243.0
395,696,1,2012,0,0,1,1,1,0.269167,0.262625,0.400833,0.215792,126,3498,3624,3624.0
396,718,1,2012,0,0,5,1,1,0.39,0.381317,0.416667,0.261817,324,4185,4509,4509.0
397,3,1,2012,4,0,6,1,1,0.469167,0.466538,0.507917,0.189067,304,4275,4579,4578.999999999999
398,27,1,2012,4,0,4,1,2,0.399167,0.398971,0.672917,0.187187,190,3571,3761,3761.0
399,51,1,2012,4,0,0,1,1,0.313333,0.309346,0.526667,0.178496,310,3841,4151,4150.999999999999
400,75,1,2012,4,0,2,0,2,0.264167,0.272725,0.779583,0.121896,384,2448,2832,2832.0
401,99,1,2012,4,0,3,0,2,0.265833,0.264521,0.687917,0.175996,318,2629,2947,2947.0
402,123,1,2012,4,0,1,1,1,0.282609,0.296426,0.622174,0.1538,206,3578,3784,3783.9999999999995
403,147,1,2012,4,0,5,1,1,0.354167,0.361104,0.49625,0.147379,199,4176,4375,4375.0
404,171,1,2012,4,0,6,1,2,0.256667,0.266421,0.722917,0.133721,109,2693,2802,2802.000000000001
405,195,1,2012,4,0,4,1,1,0.265,0.261988,0.562083,0.194037,163,3667,3830,3830.0
406,219,1,2012,4,0,0,1,2,0.280833,0.293558,0.54,0.116929,227,3604,3831,3831.0
407,243,1,2012,4,0,2,0,3,0.224167,0.210867,0.73125,0.289796,192,1977,2169,2169.0000000000005
408,267,1,2012,4,0,3,0,1,0.1275,0.101658,0.464583,0.409212,73,1456,1529,1528.9999999999995
409,291,1,2012,4,0,1,1,1,0.2225,0.227913,0.41125,0.167283,94,3328,3422,3421.9999999999995
410,315,1,2012,4,0,5,1,2,0.319167,0.333946,0.50875,0.141179,135,3787,3922,3922.0000000000005
411,339,1,2012,4,0,6,1,1,0.348333,0.351629,0.53125,0.1816,141,4028,4169,4169.0
412,363,1,2012,4,0,4,1,2,0.316667,0.330162,0.752917,0.091425,74,2931,3005,3005.000000000001
413,387,1,2012,4,0,0,1,1,0.343333,0.351629,0.634583,0.205846,349,3805,4154,4154.0
414,411,1,2012,4,0,2,0,1,0.346667,0.355425,0.534583,0.190929,1435,2883,4318,4318.0
415,435,1,2012,4,0,3,0,2,0.28,0.265788,0.515833,0.253112,618,2071,2689,2689.0
416,459,1,2012,4,1,1,0,1,0.28,0.273391,0.507826,0.229083,502,2627,3129,3129.0
417,483,1,2012,4,0,5,1,1,0.287826,0.295113,0.594348,0.205717,163,3614,3777,3777.0000000000005
418,507,1,2012,4,0,6,1,1,0.395833,0.392667,0.567917,0.234471,394,4379,4773,4773.0
419,531,1,2012,4,0,4,1,1,0.454167,0.444446,0.554583,0.190913,516,4546,5062,5062.0
420,555,1,2012,4,0,0,1,2,0.4075,0.410971,0.7375,0.237567,246,3241,3487,3487.0
421,579,1,2012,4,0,2,0,1,0.290833,0.255675,0.395833,0.421642,317,2415,2732,2731.999999999999
422,603,1,2012,4,0,3,0,1,0.279167,0.268308,0.41,0.205229,515,2874,3389,3389.0
423,627,1,2012,4,0,1,1,1,0.366667,0.357954,0.490833,0.268033,253,4069,4322,4322.0
424,651,1,2012,4,0,5,1,1,0.359167,0.353525,0.395833,0.193417,229,4134,4363,4363.0
425,674,1,2012,4,0,6,1,2,0.344348,0.34847,0.804783,0.179117,65,1769,1834,1834.0000000000018
426,5,1,2012,7,0,4,1,1,0.485833,0.475371,0.615417,0.226987,325,4665,4990,4989.999999999999
427,29,1,2012,7,0,0,1,2,0.353333,0.359842,0.657083,0.144904,246,2948,3194,3194.0
428,53,1,2012,7,0,2,0,2,0.414167,0.413492,0.62125,0.161079,956,3110,4066,4065.9999999999995
429,77,1,2012,7,0,3,0,1,0.325833,0.303021,0.403333,0.334571,710,2713,3423,3422.9999999999986
430,101,1,2012,7,0,1,1,1,0.243333,0.241171,0.50625,0.228858,203,3130,3333,3332.999999999999
431,125,1,2012,7,0,5,1,1,0.258333,0.255042,0.456667,0.200875,221,3735,3956,3955.9999999999995
432,149,1,2012,7,0,6,1,1,0.404167,0.3851,0.513333,0.345779,432,4484,4916,4915.999999999999
433,173,1,2012,7,0,4,1,1,0.5275,0.524604,0.5675,0.441563,486,4896,5382,5381.999999999998
434,197,1,2012,7,0,0,1,2,0.410833,0.397083,0.407083,0.4148,447,4122,4569,4568.999999999998
435,221,1,2012,7,0,2,0,1,0.2875,0.277767,0.350417,0.22575,968,3150,4118,4117.999999999999
436,245,1,2012,7,0,3,0,1,0.361739,0.35967,0.476957,0.222587,1658,3253,4911,4910.999999999999
437,269,1,2012,7,0,1,1,1,0.466667,0.459592,0.489167,0.207713,838,4460,5298,5297.999999999999
438,293,1,2012,7,0,5,1,1,0.565,0.542929,0.6175,0.23695,762,5085,5847,5847.0
439,317,1,2012,7,0,6,1,1,0.5725,0.548617,0.507083,0.115062,997,5315,6312,6312.0
440,341,1,2012,7,0,4,1,1,0.5575,0.532825,0.579583,0.149883,1005,5187,6192,6192.0
441,365,1,2012,7,0,0,1,2,0.435833,0.436229,0.842083,0.113192,548,3830,4378,4378.0
442,389,1,2012,7,0,2,0,2,0.514167,0.505046,0.755833,0.110704,3155,4681,7836,7836.0
443,413,1,2012,7,0,3,0,2,0.4725,0.464,0.81,0.126883,2207,3685,5892,5892.0
444,437,1,2012,7,0,1,1,1,0.545,0.532821,0.72875,0.162317,982,5171,6153,6152.999999999999
445,461,1,2012,7,0,5,1,1,0.560833,0.538533,0.807917,0.121271,1051,5042,6093,6093.0
446,485,2,2012,7,0,6,1,2,0.531667,0.513258,0.82125,0.0895583,1122,5108,6230,6230.000000000001
447,509,2,2012,7,0,4,1,1,0.554167,0.531567,0.83125,0.117562,1334,5537,6871,6871.0
448,533,2,2012,7,0,0,1,2,0.601667,0.570067,0.694167,0.1163,2469,5893,8362,8362.0
449,557,2,2012,7,0,2,0,2,0.5025,0.486733,0.885417,0.192783,1033,2339,3372,3372.0000000000005
450,581,2,2012,7,0,3,0,2,0.4375,0.437488,0.880833,0.220775,1532,3464,4996,4996.0
451,605,2,2012,7,0,1,1,1,0.445833,0.43875,0.477917,0.386821,795,4763,5558,5557.999999999999
452,629,2,2012,7,0,5,1,1,0.323333,0.315654,0.29,0.187192,531,4571,5102,5102.0
453,653,2,2012,7,0,6,1,1,0.484167,0.47095,0.48125,0.291671,674,5024,5698,5698.0
454,676,2,2012,7,0,4,1,1,0.494167,0.482304,0.439167,0.31965,834,5299,6133,6133.0
455,698,2,2012,7,0,0,1,2,0.37,0.375621,0.580833,0.138067,796,4663,5459,5459.0
456,720,2,2012,7,0,2,0,2,0.424167,0.421708,0.738333,0.250617,2301,3934,6235,6235.0
457,7,2,2012,1,0,3,0,2,0.425833,0.417287,0.67625,0.172267,2347,3694,6041,6041.0
458,31,2,2012,1,0,1,1,1,0.433913,0.427513,0.504348,0.312139,1208,4728,5936,5935.999999999998
459,55,2,2012,1,0,5,1,1,0.466667,0.461483,0.396667,0.100133,1348,5424,6772,6772.0
460,79,2,2012,1,0,6,1,1,0.541667,0.53345,0.469583,0.180975,1058,5378,6436,6435.999999999999
461,103,2,2012,1,0,4,1,1,0.435,0.431163,0.374167,0.219529,1192,5265,6457,6456.999999999999
462,127,2,2012,1,0,0,1,1,0.403333,0.390767,0.377083,0.300388,1807,4653,6460,6459.999999999998
463,151,2,2012,1,0,2,0,1,0.4375,0.426129,0.254167,0.274871,3252,3605,6857,6856.999999999998
464,175,2,2012,1,0,3,0,1,0.5,0.492425,0.275833,0.232596,2230,2939,5169,5168.999999999999
465,199,2,2012,1,0,1,1,1,0.489167,0.476638,0.3175,0.358196,905,4680,5585,5584.999999999998
466,223,2,2012,1,0,5,1,1,0.446667,0.436233,0.435,0.249375,819,5099,5918,5917.999999999999
467,247,2,2012,1,0,6,1,1,0.348696,0.337274,0.469565,0.295274,482,4380,4862,4862.0
468,271,2,2012,1,0,4,1,1,0.3975,0.387604,0.46625,0.290429,663,4746,5409,5408.999999999999
469,295,2,2012,1,0,0,1,1,0.4425,0.431808,0.408333,0.155471,1252,5146,6398,6397.999999999999
470,319,2,2012,1,0,2,0,1,0.495,0.487996,0.502917,0.190917,2795,4665,7460,7459.999999999999
471,343,2,2012,1,0,3,0,1,0.606667,0.573875,0.507917,0.225129,2846,4286,7132,7132.0
472,367,2,2012,1,1,1,0,1,0.664167,0.614925,0.561667,0.284829,1198,5172,6370,6369.999999999999
473,391,2,2012,1,0,5,1,1,0.608333,0.598487,0.390417,0.273629,989,5702,6691,6690.999999999999
474,415,2,2012,1,0,6,1,2,0.463333,0.457038,0.569167,0.167912,347,4020,4367,4367.000000000001
475,439,2,2012,1,0,4,1,1,0.498333,0.493046,0.6125,0.0659292,846,5719,6565,6565.0
476,463,2,2012,1,0,0,1,1,0.526667,0.515775,0.694583,0.149871,1340,5950,7290,7289.999999999999
477,487,2,2012,1,0,2,0,1,0.57,0.542921,0.682917,0.283587,2541,4083,6624,6624.0
478,511,2,2012,1,0,3,0,3,0.396667,0.389504,0.835417,0.344546,120,907,1027,1027.000000000001
479,535,2,2012,1,0,1,1,2,0.321667,0.301125,0.766667,0.303496,195,3019,3214,3214.0000000000005
480,559,2,2012,1,0,5,1,1,0.413333,0.405283,0.454167,0.249383,518,5115,5633,5633.0
481,583,2,2012,1,0,6,1,1,0.476667,0.470317,0.427917,0.118792,655,5541,6196,6196.0
482,607,2,2012,1,0,4,1,2,0.498333,0.483583,0.756667,0.176625,475,4551,5026,5026.000000000001
483,631,2,2012,1,0,0,1,1,0.4575,0.452637,0.400833,0.347633,1014,5219,6233,6232.999999999999
484,655,2,2012,1,0,2,0,2,0.376667,0.377504,0.489583,0.129975,1120,3100,4220,4220.0
485,678,2,2012,1,0,3,0,1,0.458333,0.450121,0.587083,0.116908,2229,4075,6304,6304.0
486,700,2,2012,1,0,1,1,2,0.464167,0.457696,0.57,0.171638,665,4907,5572,5572.0
487,9,2,2012,8,0,5,1,2,0.613333,0.577021,0.659583,0.156096,653,5087,5740,5740.0
488,33,2,2012,8,0,6,1,1,0.564167,0.537896,0.797083,0.138058,667,5502,6169,6169.0
489,57,2,2012,8,0,4,1,2,0.56,0.537242,0.768333,0.133696,764,5657,6421,6421.0
490,81,2,2012,8,0,0,1,1,0.6275,0.590917,0.735417,0.162938,1069,5227,6296,6295.999999999999
491,105,2,2012,8,0,2,0,2,0.621667,0.584608,0.756667,0.152992,2496,4387,6883,6882.999999999999
492,129,2,2012,8,0,3,0,2,0.5625,0.546737,0.74,0.149879,2135,4224,6359,6359.0
493,153,2,2012,8,0,1,1,2,0.5375,0.527142,0.664167,0.230721,1008,5265,6273,6272.999999999999
494,177,2,2012,8,0,5,1,2,0.581667,0.557471,0.685833,0.296029,738,4990,5728,5728.0
495,201,2,2012,8,0,6,1,2,0.575,0.553025,0.744167,0.216412,620,4097,4717,4717.0
496,225,2,2012,8,0,4,1,1,0.505833,0.491783,0.552083,0.314063,1026,5546,6572,6571.999999999999
497,249,2,2012,8,0,0,1,1,0.533333,0.520833,0.360417,0.236937,1319,5711,7030,7029.999999999998
498,273,2,2012,8,0,2,0,1,0.564167,0.544817,0.480417,0.123133,2622,4807,7429,7428.999999999999
499,297,2,2012,8,0,3,0,1,0.6125,0.585238,0.57625,0.225117,2172,3946,6118,6117.999999999999
500,321,2,2012,8,0,1,1,2,0.573333,0.5499,0.789583,0.212692,342,2501,2843,2843.0
501,345,2,2012,8,0,5,1,2,0.611667,0.576404,0.794583,0.147392,625,4490,5115,5115.0
502,369,2,2012,8,0,6,1,1,0.636667,0.595975,0.697917,0.122512,991,6433,7424,7424.0
503,393,2,2012,8,0,4,1,1,0.593333,0.572613,0.52,0.229475,1242,6142,7384,7383.999999999999
504,417,2,2012,8,0,0,1,1,0.564167,0.551121,0.523333,0.136817,1521,6118,7639,7638.999999999999
505,441,2,2012,8,0,2,0,1,0.6,0.566908,0.45625,0.083975,3410,4884,8294,8294.0
506,465,2,2012,8,0,3,0,1,0.620833,0.583967,0.530417,0.254367,2704,4425,7129,7128.999999999999
507,489,2,2012,8,0,1,1,2,0.598333,0.565667,0.81125,0.233204,630,3729,4359,4359.0
508,513,2,2012,8,0,5,1,2,0.615,0.580825,0.765833,0.118167,819,5254,6073,6073.000000000001
509,537,2,2012,8,0,6,1,2,0.621667,0.584612,0.774583,0.102,766,4494,5260,5260.000000000001
510,561,2,2012,8,0,4,1,1,0.655,0.6067,0.716667,0.172896,1059,5711,6770,6770.0
511,585,2,2012,8,0,0,1,1,0.68,0.627529,0.747083,0.14055,1417,5317,6734,6734.0
512,609,2,2012,8,0,2,0,1,0.6925,0.642696,0.7325,0.198992,2855,3681,6536,6536.0
513,633,2,2012,8,0,3,0,1,0.69,0.641425,0.697083,0.215171,3283,3308,6591,6591.0
514,657,2,2012,8,1,1,0,1,0.7125,0.6793,0.67625,0.196521,2557,3486,6043,6043.0
515,680,2,2012,8,0,5,1,1,0.7225,0.672992,0.684583,0.2954,880,4863,5743,5743.0
516,702,2,2012,8,0,6,1,2,0.656667,0.611129,0.67,0.134329,745,6110,6855,6855.0
517,722,2,2012,8,0,4,1,1,0.68,0.631329,0.492917,0.195279,1100,6238,7338,7338.0
518,11,2,2012,6,0,0,1,2,0.654167,0.607962,0.755417,0.237563,533,3594,4127,4126.999999999999
519,35,2,2012,6,0,2,0,1,0.583333,0.566288,0.549167,0.186562,2795,5325,8120,8119.999999999998
520,59,2,2012,6,0,3,0,1,0.6025,0.575133,0.493333,0.184087,2494,5147,7641,7640.999999999999
521,83,2,2012,6,0,1,1,1,0.5975,0.578283,0.487083,0.284833,1071,5927,6998,6997.999999999998
522,107,2,2012,6,0,5,1,2,0.540833,0.525892,0.613333,0.209575,968,6033,7001,7001.0
523,131,2,2012,6,0,6,1,1,0.554167,0.542292,0.61125,0.077125,1027,6028,7055,7055.0
524,155,2,2012,6,0,4,1,1,0.6025,0.569442,0.567083,0.15735,1038,6456,7494,7493.999999999999
525,179,2,2012,6,0,0,1,1,0.649167,0.597862,0.467917,0.175383,1488,6248,7736,7735.999999999998
526,203,2,2012,6,0,2,0,1,0.710833,0.648367,0.437083,0.144287,2708,4790,7498,7497.999999999998
527,227,2,2012,6,0,3,0,1,0.726667,0.663517,0.538333,0.133721,2224,4374,6598,6597.999999999999
528,251,2,2012,6,0,1,1,2,0.720833,0.659721,0.587917,0.207713,1017,5647,6664,6663.999999999999
529,275,2,2012,6,0,5,1,2,0.653333,0.597875,0.833333,0.214546,477,4495,4972,4972.0
530,299,2,2012,6,0,6,1,1,0.655833,0.611117,0.582083,0.343279,1173,6248,7421,7420.999999999999
531,323,2,2012,6,0,4,1,1,0.648333,0.624383,0.569583,0.253733,1180,6183,7363,7362.999999999999
532,347,2,2012,6,0,0,1,1,0.639167,0.599754,0.589583,0.176617,1563,6102,7665,7664.999999999998
533,371,2,2012,6,0,2,0,1,0.631667,0.594708,0.504167,0.166667,2963,4739,7702,7701.999999999999
534,395,2,2012,6,0,3,0,1,0.5925,0.571975,0.59875,0.144904,2634,4344,6978,6978.0
535,419,2,2012,6,0,1,1,2,0.568333,0.544842,0.777917,0.174746,653,4446,5099,5099.0
536,443,2,2012,6,0,5,1,1,0.688333,0.654692,0.69,0.148017,968,5857,6825,6825.0
537,467,2,2012,6,0,6,1,1,0.7825,0.720975,0.592083,0.113812,872,5339,6211,6211.0
538,491,0,2012,6,0,4,1,1,0.805833,0.752542,0.567917,0.118787,778,5127,5905,5904.999999999999
539,515,0,2012,6,0,0,1,1,0.7775,0.724121,0.57375,0.182842,964,4859,5823,5822.999999999998
540,539,0,2012,6,0,2,0,1,0.731667,0.652792,0.534583,0.179721,2657,4801,7458,7457.999999999998
541,563,0,2012,6,0,3,0,1,0.743333,0.674254,0.479167,0.145525,2551,4340,6891,6890.999999999999
542,587,0,2012,6,0,1,1,1,0.715833,0.654042,0.504167,0.300383,1139,5640,6779,6778.999999999998
543,611,0,2012,6,0,5,1,1,0.630833,0.594704,0.373333,0.347642,1077,6365,7442,7441.999999999998
544,635,0,2012,6,0,6,1,1,0.6975,0.640792,0.36,0.271775,1077,6258,7335,7334.999999999999
545,659,0,2012,6,0,4,1,1,0.749167,0.675512,0.4225,0.17165,921,5958,6879,6878.999999999999
546,682,0,2012,6,0,0,1,1,0.834167,0.786613,0.48875,0.165417,829,4634,5463,5462.999999999999
547,704,0,2012,6,0,2,0,1,0.765,0.687508,0.60125,0.161071,1455,4232,5687,5686.999999999999
548,13,0,2012,5,0,3,0,1,0.815833,0.750629,0.51875,0.168529,1421,4110,5531,5530.999999999998
549,37,0,2012,5,0,1,1,1,0.781667,0.702038,0.447083,0.195267,904,5323,6227,6226.999999999998
550,61,0,2012,5,0,5,1,1,0.780833,0.70265,0.492083,0.126237,1052,5608,6660,6659.999999999998
551,85,0,2012,5,1,6,0,1,0.789167,0.732337,0.53875,0.13495,2562,4841,7403,7402.999999999999
552,109,0,2012,5,0,4,1,1,0.8275,0.761367,0.457917,0.194029,1405,4836,6241,6240.999999999998
553,133,0,2012,5,0,0,1,1,0.828333,0.752533,0.450833,0.146142,1366,4841,6207,6206.999999999998
554,157,0,2012,5,0,2,0,1,0.861667,0.804913,0.492083,0.163554,1448,3392,4840,4839.999999999998
555,181,0,2012,5,0,3,0,1,0.8225,0.790396,0.57375,0.125629,1203,3469,4672,4671.999999999998
556,205,0,2012,5,0,1,1,2,0.710833,0.654054,0.683333,0.180975,998,5571,6569,6568.999999999998
557,229,0,2012,5,0,5,1,2,0.720833,0.664796,0.6675,0.151737,954,5336,6290,6289.999999999999
558,253,0,2012,5,0,6,1,1,0.716667,0.650271,0.633333,0.151733,975,6289,7264,7263.999999999999
559,277,0,2012,5,0,4,1,1,0.715833,0.654683,0.529583,0.146775,1032,6414,7446,7445.999999999998
560,301,0,2012,5,0,0,1,2,0.731667,0.667933,0.485833,0.08085,1511,5988,7499,7498.999999999998
561,325,0,2012,5,0,2,0,2,0.703333,0.666042,0.699167,0.143679,2355,4614,6969,6968.999999999999
562,349,0,2012,5,0,3,0,1,0.745833,0.705196,0.717917,0.166667,1920,4111,6031,6030.999999999999
563,373,0,2012,5,0,1,1,1,0.763333,0.724125,0.645,0.164187,1088,5742,6830,6829.999999999998
564,397,0,2012,5,0,5,1,1,0.818333,0.755683,0.505833,0.114429,921,5865,6786,6785.999999999999
565,421,0,2012,5,0,6,1,1,0.793333,0.745583,0.577083,0.137442,799,4914,5713,5712.999999999999
566,445,0,2012,5,0,4,1,1,0.77,0.714642,0.600417,0.165429,888,5703,6591,6590.999999999999
567,469,0,2012,5,0,0,1,2,0.665833,0.613025,0.844167,0.208967,747,5123,5870,5869.999999999999
568,493,0,2012,5,0,2,0,3,0.595833,0.549912,0.865417,0.2133,1264,3195,4459,4459.0
569,517,0,2012,5,0,3,0,2,0.6675,0.623125,0.7625,0.0939208,2544,4866,7410,7410.0
570,541,0,2012,5,0,1,1,1,0.741667,0.690017,0.694167,0.138683,1135,5831,6966,6965.999999999998
571,565,0,2012,5,0,5,1,1,0.750833,0.70645,0.655,0.211454,1140,6452,7592,7591.999999999999
572,589,0,2012,5,0,6,1,1,0.724167,0.654054,0.45,0.1648,1383,6790,8173,8172.999999999999
573,613,0,2012,5,0,4,1,1,0.776667,0.739263,0.596667,0.284813,1036,5825,6861,6860.999999999998
574,637,0,2012,5,0,0,1,1,0.781667,0.734217,0.594583,0.152992,1259,5645,6904,6903.999999999998
575,661,0,2012,5,0,2,0,1,0.755833,0.697604,0.613333,0.15735,2234,4451,6685,6684.999999999999
576,684,0,2012,5,0,3,0,1,0.721667,0.667933,0.62375,0.170396,2153,4444,6597,6596.999999999999
577,706,0,2012,5,0,1,1,1,0.730833,0.684987,0.66875,0.153617,1040,6065,7105,7104.999999999999
578,724,0,2012,5,0,5,1,1,0.713333,0.662896,0.704167,0.165425,968,6248,7216,7216.0
579,15,0,2012,2,0,6,1,1,0.7175,0.667308,0.6775,0.141179,1074,6506,7580,7579.999999999998
580,39,0,2012,2,0,4,1,1,0.7525,0.707088,0.659583,0.129354,983,6278,7261,7260.999999999998
581,63,0,2012,2,0,0,1,2,0.765833,0.722867,0.6425,0.215792,1328,5847,7175,7174.999999999998
582,87,0,2012,2,0,2,0,1,0.793333,0.751267,0.613333,0.257458,2345,4479,6824,6823.999999999998
583,111,0,2012,2,0,3,0,1,0.769167,0.731079,0.6525,0.290421,1707,3757,5464,5463.999999999998
584,135,0,2012,2,0,1,1,2,0.7525,0.710246,0.654167,0.129354,1233,5780,7013,7012.999999999998
585,159,0,2012,2,0,5,1,2,0.735833,0.697621,0.70375,0.116908,1278,5995,7273,7272.999999999998
586,183,0,2012,2,0,6,1,2,0.75,0.707717,0.672917,0.1107,1263,6271,7534,7533.999999999999
587,207,0,2012,2,0,4,1,1,0.755833,0.699508,0.620417,0.1561,1196,6090,7286,7285.999999999998
588,231,0,2012,2,0,0,1,2,0.715833,0.667942,0.715833,0.238813,1065,4721,5786,5785.999999999998
589,255,0,2012,2,0,2,0,2,0.6925,0.638267,0.732917,0.206479,2247,4052,6299,6298.999999999998
590,279,0,2012,2,0,3,0,1,0.700833,0.644579,0.530417,0.122512,2182,4362,6544,6543.999999999998
591,303,0,2012,2,0,1,1,1,0.720833,0.662254,0.545417,0.136212,1207,5676,6883,6882.999999999998
592,327,0,2012,2,0,5,1,1,0.726667,0.676779,0.686667,0.169158,1128,5656,6784,6783.999999999999
593,351,0,2012,2,0,6,1,1,0.706667,0.654037,0.619583,0.169771,1198,6149,7347,7346.999999999998
594,375,0,2012,2,0,4,1,1,0.719167,0.654688,0.519167,0.141796,1338,6267,7605,7604.999999999998
595,399,0,2012,2,0,0,1,1,0.723333,0.2424,0.570833,0.231354,1483,5665,7148,7147.999999999998
596,423,0,2012,2,0,2,0,1,0.678333,0.618071,0.603333,0.177867,2827,5038,7865,7864.999999999998
597,447,0,2012,2,0,3,0,2,0.635833,0.603554,0.711667,0.08645,1208,3341,4549,4549.0
598,471,0,2012,2,0,1,1,2,0.635833,0.595967,0.734167,0.129979,1026,5504,6530,6529.999999999999
599,495,0,2012,2,0,5,1,1,0.649167,0.601025,0.67375,0.0727708,1081,5925,7006,7006.0
600,519,0,2012,2,0,6,1,1,0.6675,0.621854,0.677083,0.0702833,1094,6281,7375,7374.999999999999
601,543,0,2012,2,0,4,1,1,0.695833,0.637008,0.635833,0.0845958,1363,6402,7765,7764.999999999999
602,567,0,2012,2,0,0,1,2,0.7025,0.6471,0.615,0.0721458,1325,6257,7582,7581.999999999999
603,591,0,2012,2,0,2,0,2,0.661667,0.618696,0.712917,0.244408,1829,4224,6053,6052.999999999999
604,615,0,2012,2,0,3,0,2,0.653333,0.595996,0.845833,0.228858,1483,3772,5255,5255.0
605,639,0,2012,2,0,1,1,1,0.703333,0.654688,0.730417,0.128733,989,5928,6917,6916.999999999999
606,663,0,2012,2,0,5,1,1,0.728333,0.66605,0.62,0.190925,935,6105,7040,7039.999999999999
607,686,0,2012,2,0,6,1,1,0.685,0.635733,0.552083,0.112562,1177,6520,7697,7697.0
608,708,0,2012,2,0,4,1,1,0.706667,0.652779,0.590417,0.0771167,1172,6541,7713,7712.999999999999
609,726,0,2012,2,0,0,1,1,0.764167,0.6894,0.5875,0.168533,1433,5917,7350,7349.999999999998
610,17,0,2012,11,0,2,0,2,0.753333,0.702654,0.638333,0.113187,2352,3788,6140,6139.999999999998
611,41,0,2012,11,0,3,0,2,0.696667,0.649,0.815,0.0640708,2613,3197,5810,5809.999999999999
612,65,0,2012,11,1,1,0,1,0.7075,0.661629,0.790833,0.151121,1965,4069,6034,6033.999999999998
613,89,0,2012,11,0,5,1,1,0.725833,0.686888,0.755,0.236321,867,5997,6864,6863.999999999998
614,113,0,2012,11,0,6,1,1,0.736667,0.708983,0.74125,0.187808,832,6280,7112,7111.999999999998
615,137,0,2012,11,0,4,1,2,0.696667,0.655329,0.810417,0.142421,611,5592,6203,6202.999999999999
616,161,0,2012,11,0,0,1,1,0.703333,0.657204,0.73625,0.171646,1045,6459,7504,7503.999999999998
617,185,0,2012,11,0,2,0,2,0.659167,0.611121,0.799167,0.281104,1557,4419,5976,5975.999999999998
618,209,0,2012,11,0,3,0,1,0.61,0.578925,0.5475,0.224496,2570,5657,8227,8226.999999999998
619,233,0,2012,11,0,1,1,1,0.583333,0.565654,0.50375,0.258713,1118,6407,7525,7524.999999999997
620,257,0,2012,11,0,5,1,1,0.5775,0.554292,0.52,0.0920542,1070,6697,7767,7766.999999999998
621,281,0,2012,11,0,6,1,1,0.599167,0.570075,0.577083,0.131846,1050,6820,7870,7869.999999999998
622,305,0,2012,11,0,4,1,1,0.6125,0.579558,0.637083,0.0827208,1054,6750,7804,7803.999999999999
623,329,0,2012,11,0,0,1,1,0.633333,0.594083,0.6725,0.103863,1379,6630,8009,8008.999999999998
624,353,0,2012,11,0,2,0,1,0.608333,0.585867,0.501667,0.247521,3160,5554,8714,8713.999999999998
625,377,0,2012,11,0,3,0,1,0.58,0.563125,0.57,0.0901833,2166,5167,7333,7332.999999999999
626,401,0,2012,11,0,1,1,2,0.580833,0.55305,0.734583,0.151742,1022,5847,6869,6868.999999999999
627,425,0,2012,11,0,5,1,2,0.623333,0.565067,0.8725,0.357587,371,3702,4073,4072.9999999999995
628,449,0,2012,11,0,6,1,1,0.5525,0.540404,0.536667,0.215175,788,6803,7591,7590.999999999999
629,473,0,2012,11,0,4,1,1,0.546667,0.532192,0.618333,0.118167,939,6781,7720,7719.999999999999
630,497,0,2012,11,0,0,1,1,0.599167,0.571971,0.66875,0.154229,1250,6917,8167,8166.999999999998
631,521,0,2012,11,0,2,0,1,0.65,0.610488,0.646667,0.283583,2512,5883,8395,8394.999999999998
632,545,3,2012,11,0,3,0,1,0.529167,0.518933,0.467083,0.223258,2454,5453,7907,7906.999999999999
633,569,3,2012,11,0,1,1,1,0.514167,0.502513,0.492917,0.142404,1001,6435,7436,7435.999999999999
634,593,3,2012,11,0,5,1,1,0.55,0.544179,0.57,0.236321,845,6693,7538,7537.999999999999
635,617,3,2012,11,0,6,1,1,0.635,0.596613,0.630833,0.2444,787,6946,7733,7733.0
636,641,3,2012,11,0,4,1,2,0.65,0.607975,0.690833,0.134342,751,6642,7393,7393.0
637,665,3,2012,11,0,0,1,2,0.619167,0.585863,0.69,0.164179,1045,6370,7415,7415.0
638,688,3,2012,11,0,2,0,1,0.5425,0.530296,0.542917,0.227604,2589,5966,8555,8555.0
639,710,3,2012,11,0,3,0,1,0.526667,0.517663,0.583333,0.134958,2015,4874,6889,6889.0
640,19,3,2012,10,0,1,1,2,0.520833,0.512,0.649167,0.0908042,763,6015,6778,6777.999999999999
641,43,3,2012,10,0,5,1,3,0.590833,0.542333,0.871667,0.104475,315,4324,4639,4639.0
642,67,3,2012,10,0,6,1,2,0.6575,0.599133,0.79375,0.0665458,728,6844,7572,7572.0
643,91,3,2012,10,0,4,1,2,0.6575,0.607975,0.722917,0.117546,891,6437,7328,7327.999999999999
644,115,3,2012,10,0,0,1,1,0.615,0.580187,0.6275,0.10635,1516,6640,8156,8155.999999999998
645,139,3,2012,10,0,2,0,1,0.554167,0.538521,0.664167,0.268025,3031,4934,7965,7964.999999999998
646,163,3,2012,10,0,3,0,2,0.415833,0.419813,0.708333,0.141162,781,2729,3510,3510.0
647,187,3,2012,10,1,1,0,2,0.383333,0.387608,0.709583,0.189679,874,4604,5478,5478.0
648,211,3,2012,10,0,5,1,2,0.446667,0.438112,0.761667,0.1903,601,5791,6392,6392.0
649,235,3,2012,10,0,6,1,1,0.514167,0.503142,0.630833,0.187821,780,6911,7691,7691.0
650,259,3,2012,10,0,4,1,1,0.435,0.431167,0.463333,0.181596,834,6736,7570,7569.999999999999
651,283,3,2012,10,0,0,1,1,0.4375,0.433071,0.539167,0.235092,1060,6222,7282,7281.999999999998
652,307,3,2012,10,0,2,0,1,0.393333,0.391396,0.494583,0.146142,2252,4857,7109,7108.999999999999
653,331,3,2012,10,0,3,0,1,0.521667,0.508204,0.640417,0.278612,2080,4559,6639,6638.999999999999
654,355,3,2012,10,0,1,1,2,0.561667,0.53915,0.7075,0.296037,760,5115,5875,5874.999999999999
655,379,3,2012,10,0,5,1,1,0.468333,0.460846,0.558333,0.182221,922,6612,7534,7533.999999999999
656,403,3,2012,10,0,6,1,1,0.455833,0.450108,0.692917,0.101371,979,6482,7461,7461.0
657,427,3,2012,10,0,4,1,2,0.5225,0.512625,0.728333,0.236937,1008,6501,7509,7509.0
658,451,3,2012,10,0,0,1,2,0.563333,0.537896,0.815,0.134954,753,4671,5424,5424.0
659,475,3,2012,10,0,2,0,1,0.484167,0.472842,0.572917,0.117537,2806,5284,8090,8089.999999999999
660,499,3,2012,10,0,3,0,1,0.464167,0.456429,0.51,0.166054,2132,4692,6824,6823.999999999999
661,523,3,2012,10,0,1,1,1,0.4875,0.482942,0.568333,0.0814833,830,6228,7058,7057.999999999999
662,547,3,2012,10,0,5,1,1,0.544167,0.530304,0.641667,0.0945458,841,6625,7466,7466.0
663,571,3,2012,10,0,6,1,1,0.5875,0.558721,0.63625,0.0727792,795,6898,7693,7693.0
664,595,3,2012,10,0,4,1,2,0.55,0.529688,0.800417,0.124375,875,6484,7359,7359.0
665,619,3,2012,10,0,0,1,2,0.545833,0.52275,0.807083,0.132467,1182,6262,7444,7444.0
666,643,3,2012,10,0,2,0,2,0.53,0.515133,0.72,0.235692,2643,5209,7852,7852.0
667,667,3,2012,10,0,3,0,2,0.4775,0.467771,0.694583,0.398008,998,3461,4459,4459.0
668,690,3,2012,10,0,1,1,3,0.44,0.4394,0.88,0.3582,2,20,22,22.00000000000091
669,712,3,2012,10,0,5,1,2,0.318182,0.309909,0.825455,0.213009,87,1009,1096,1096.0000000000018
670,728,3,2012,10,0,6,1,2,0.3575,0.3611,0.666667,0.166667,419,5147,5566,5566.000000000001
671,21,3,2012,9,0,4,1,2,0.365833,0.369942,0.581667,0.157346,466,5520,5986,5985.999999999999
672,45,3,2012,9,0,0,1,1,0.355,0.356042,0.522083,0.266175,618,5229,5847,5846.999999999998
673,69,3,2012,9,0,2,0,2,0.343333,0.323846,0.49125,0.270529,1029,4109,5138,5137.999999999999
674,93,3,2012,9,0,3,0,1,0.325833,0.329538,0.532917,0.179108,1201,3906,5107,5106.999999999999
675,117,3,2012,9,0,1,1,1,0.319167,0.308075,0.494167,0.236325,378,4881,5259,5258.999999999998
676,141,3,2012,9,0,5,1,1,0.280833,0.281567,0.567083,0.173513,466,5220,5686,5685.999999999999
677,165,3,2012,9,0,6,1,2,0.295833,0.274621,0.5475,0.304108,326,4709,5035,5035.0
678,189,3,2012,9,0,4,1,1,0.352174,0.341891,0.333478,0.347835,340,4975,5315,5314.999999999998
679,213,3,2012,9,0,0,1,1,0.361667,0.355413,0.540833,0.214558,709,5283,5992,5991.999999999998
680,237,3,2012,9,0,2,0,1,0.389167,0.393937,0.645417,0.0578458,2090,4446,6536,6535.999999999999
681,261,3,2012,9,0,3,0,1,0.420833,0.421713,0.659167,0.1275,2290,4562,6852,6851.999999999999
682,285,3,2012,9,1,1,0,1,0.485,0.475383,0.741667,0.173517,1097,5172,6269,6269.0
683,309,3,2012,9,0,5,1,2,0.343333,0.323225,0.662917,0.342046,327,3767,4094,4094.0
684,333,3,2012,9,0,6,1,1,0.289167,0.281563,0.552083,0.199625,373,5122,5495,5495.0
685,357,3,2012,9,0,4,1,2,0.321667,0.324492,0.620417,0.152987,320,5125,5445,5445.0
686,381,3,2012,9,0,0,1,1,0.345,0.347204,0.524583,0.171025,484,5214,5698,5697.999999999999
687,405,3,2012,9,0,2,0,1,0.325,0.326383,0.545417,0.179729,1313,4316,5629,5628.999999999999
688,429,3,2012,9,0,3,0,1,0.3425,0.337746,0.692917,0.227612,922,3747,4669,4669.0
689,453,3,2012,9,0,1,1,2,0.380833,0.375621,0.623333,0.235067,449,5050,5499,5499.0
690,477,3,2012,9,0,5,1,2,0.374167,0.380667,0.685,0.082725,534,5100,5634,5634.000000000001
691,501,3,2012,9,0,6,1,1,0.353333,0.364892,0.61375,0.103246,615,4531,5146,5146.0
692,525,3,2012,9,1,4,0,1,0.34,0.350371,0.580417,0.0528708,955,1470,2425,2425.000000000001
693,549,3,2012,9,0,0,1,1,0.368333,0.378779,0.56875,0.148021,1603,2307,3910,3910.0
694,573,3,2012,9,0,2,0,1,0.278333,0.248742,0.404583,0.376871,532,1745,2277,2276.9999999999995
695,597,3,2012,9,0,3,0,1,0.245833,0.257583,0.468333,0.1505,309,2115,2424,2424.0
696,621,3,2012,9,0,1,1,1,0.313333,0.339004,0.535417,0.04665,337,4750,5087,5087.0
697,645,3,2012,9,0,5,1,2,0.291667,0.281558,0.786667,0.237562,123,3836,3959,3959.000000000001
698,669,3,2012,9,0,6,1,1,0.296667,0.289762,0.50625,0.210821,198,5062,5260,5260.0
699,692,3,2012,9,0,4,1,1,0.28087,0.298422,0.555652,0.115522,243,5080,5323,5323.0
700,714,3,2012,9,0,0,1,1,0.298333,0.323867,0.649583,0.0584708,362,5306,5668,5668.0
701,23,3,2012,3,0,2,0,2,0.298333,0.316904,0.806667,0.0597042,951,4240,5191,5191.0
702,47,3,2012,3,0,3,0,2,0.3475,0.359208,0.823333,0.124379,892,3757,4649,4649.0
703,71,3,2012,3,0,1,1,1,0.4525,0.455796,0.7675,0.0827208,555,5679,6234,6233.999999999999
704,95,3,2012,3,0,5,1,1,0.475833,0.469054,0.73375,0.174129,551,6055,6606,6605.999999999999
705,119,3,2012,3,0,6,1,1,0.438333,0.428012,0.485,0.324021,331,5398,5729,5728.999999999999
706,143,3,2012,3,0,4,1,1,0.255833,0.258204,0.50875,0.174754,340,5035,5375,5374.999999999999
707,167,3,2012,3,0,0,1,2,0.320833,0.321958,0.764167,0.1306,349,4659,5008,5007.999999999999
708,191,3,2012,3,0,2,0,2,0.381667,0.389508,0.91125,0.101379,1153,4429,5582,5582.0
709,215,3,2012,3,0,3,0,2,0.384167,0.390146,0.905417,0.157975,441,2787,3228,3228.0
710,239,3,2012,3,0,1,1,2,0.435833,0.435575,0.925,0.190308,329,4841,5170,5170.0
711,263,3,2012,3,0,5,1,2,0.353333,0.338363,0.596667,0.296037,282,5219,5501,5500.999999999999
712,287,3,2012,3,0,6,1,2,0.2975,0.297338,0.538333,0.162937,310,5009,5319,5319.0
713,311,3,2012,3,0,4,1,1,0.295833,0.294188,0.485833,0.174129,425,5107,5532,5532.0
714,335,3,2012,3,0,0,1,1,0.281667,0.294192,0.642917,0.131229,429,5182,5611,5610.999999999999
715,359,3,2012,3,0,2,0,1,0.324167,0.338383,0.650417,0.10635,767,4280,5047,5046.999999999999
716,383,3,2012,3,0,3,0,2,0.3625,0.369938,0.83875,0.100742,538,3248,3786,3786.0
717,407,3,2012,3,0,1,1,2,0.393333,0.4015,0.907083,0.0982583,212,4373,4585,4585.0
718,431,3,2012,3,0,5,1,1,0.410833,0.409708,0.66625,0.221404,433,5124,5557,5557.0
719,455,3,2012,3,0,6,1,1,0.3325,0.342162,0.625417,0.184092,333,4934,5267,5267.0
720,479,3,2012,3,0,4,1,2,0.33,0.335217,0.667917,0.132463,314,3814,4128,4128.000000000001
721,503,1,2012,3,0,0,1,2,0.326667,0.301767,0.556667,0.374383,221,3402,3623,3622.999999999999
722,527,1,2012,3,0,2,0,1,0.265833,0.236113,0.44125,0.407346,205,1544,1749,1748.999999999999
723,551,1,2012,3,0,3,0,1,0.245833,0.259471,0.515417,0.133083,408,1379,1787,1787.0
724,575,1,2012,3,0,1,1,2,0.231304,0.2589,0.791304,0.0772304,174,746,920,920.0000000000009
725,599,1,2012,3,1,5,0,2,0.291304,0.294465,0.734783,0.168726,440,573,1013,1013.0000000000014
726,623,1,2012,3,0,6,1,3,0.243333,0.220333,0.823333,0.316546,9,432,441,441.0000000000009
727,647,1,2012,3,0,4,1,2,0.254167,0.226642,0.652917,0.350133,247,1867,2114,2114.0000000000005
728,671,1,2012,3,0,0,1,2,0.253333,0.255046,0.59,0.155471,644,2451,3095,3095.0
729,694,1,2012,3,0,2,0,2,0.253333,0.2424,0.752917,0.124383,159,1182,1341,1341.0000000000005
730,716,1,2012,3,0,3,0,1,0.255833,0.2317,0.483333,0.350754,364,1432,1796,1795.9999999999995
731,730,1,2012,3,0,1,1,2,0.215833,0.223487,0.5775,0.154846,439,2290,2729,2729.0000000000005
