instant,dteday,season,yr,mnth,holiday,weekday,workingday,weathersit,temp,atemp,hum,windspeed,casual,registered,cnt
77,18-03-2011,spring,2011,mar,0,friday,1,1,0.54,0.527009,0.525217,0.231017,884,2355,3239
667,28-10-2012,winter,2012,oct,0,sunday,0,2,0.4775,0.467771,0.694583,0.398008,998,3461,4459
442,17-03-2012,spring,2012,mar,0,saturday,0,2,0.514167,0.505046,0.755833,0.110704,3155,4681,7836
140,20-05-2011,summer,2011,may,0,friday,1,1,0.536667,0.529042,0.719583,0.125013,909,4008,4917
651,12-10-2012,winter,2012,oct,0,friday,1,1,0.4375,0.433071,0.539167,0.235092,1060,6222,7282
572,25-07-2012,fall,2012,july,0,wednesday,1,1,0.724167,0.654054,0.45,0.1648,1383,6790,8173
119,29-04-2011,summer,2011,april,0,friday,1,1,0.51,0.497463,0.457083,0.240063,878,3717,4595
662,23-10-2012,winter,2012,oct,0,tuesday,1,1,0.544167,0.530304,0.641667,0.0945458,841,6625,7466
427,02-03-2012,spring,2012,mar,0,friday,1,2,0.353333,0.359842,0.657083,0.144904,246,2948,3194
35,04-02-2011,spring,2011,feb,0,friday,1,2,0.211304,0.228587,0.585217,0.127839,88,1620,1708
202,21-07-2011,fall,2011,july,0,thursday,1,2,0.815,0.826371,0.69125,0.222021,632,3152,3784
524,07-06-2012,summer,2012,june,0,thursday,1,1,0.6025,0.569442,0.567083,0.15735,1038,6456,7494
725,25-12-2012,spring,2012,dec,1,tuesday,0,2,0.291304,0.294465,0.734783,0.168726,440,573,1013
680,10-11-2012,winter,2012,nov,0,saturday,0,1,0.389167,0.393937,0.645417,0.0578458,2090,4446,6536
556,09-07-2012,fall,2012,july,0,monday,1,2,0.710833,0.654054,0.683333,0.180975,998,5571,6569
120,30-04-2011,summer,2011,april,0,saturday,0,1,0.4725,0.464021,0.503333,0.235075,1965,3347,5312
83,24-03-2011,summer,2011,mar,0,thursday,1,2,0.285,0.270833,0.805833,0.243787,166,1699,1865
335,01-12-2011,winter,2011,dec,0,thursday,1,1,0.3125,0.305554,0.524583,0.220158,182,3545,3727
376,11-01-2012,spring,2012,Jan,0,wednesday,1,2,0.274167,0.282821,0.8475,0.131221,92,2085,2177
182,01-07-2011,fall,2011,july,0,friday,1,1,0.7225,0.652162,0.39625,0.102608,1246,4116,5362
108,18-04-2011,summer,2011,april,0,monday,1,1,0.5125,0.503146,0.5425,0.163567,669,2760,3429
18,18-01-2011,spring,2011,Jan,0,tuesday,1,2,0.216667,0.232333,0.861667,0.146775,9,674,683
384,19-01-2012,spring,2012,Jan,0,thursday,1,1,0.19,0.190038,0.4975,0.220158,130,3162,3292
319,15-11-2011,winter,2011,nov,0,tuesday,1,2,0.53,0.507579,0.68875,0.199633,449,3746,4195
409,13-02-2012,spring,2012,feb,0,monday,1,1,0.2225,0.227913,0.41125,0.167283,94,3328,3422
203,22-07-2011,fall,2011,july,0,friday,1,1,0.848333,0.840896,0.580417,0.1331,562,2825,3387
468,12-04-2012,summer,2012,april,0,thursday,1,1,0.3975,0.387604,0.46625,0.290429,663,4746,5409
354,20-12-2011,winter,2011,dec,0,tuesday,1,2,0.385833,0.396454,0.595417,0.0615708,216,3534,3750
387,22-01-2012,spring,2012,Jan,0,sunday,0,2,0.1625,0.16225,0.79625,0.199638,196,1781,1977
46,15-02-2011,spring,2011,feb,0,tuesday,1,1,0.266087,0.254274,0.314348,0.291374,140,1675,1815
657,18-10-2012,winter,2012,oct,0,thursday,1,2,0.5225,0.512625,0.728333,0.236937,1008,6501,7509
190,09-07-2011,fall,2011,july,0,saturday,0,1,0.733333,0.664158,0.609167,0.167912,1988,3348,5336
380,15-01-2012,spring,2012,Jan,0,sunday,0,1,0.166667,0.161625,0.419167,0.251258,284,2027,2311
12,12-01-2011,spring,2011,Jan,0,wednesday,1,1,0.172727,0.160473,0.599545,0.304627,25,1137,1162
89,30-03-2011,summer,2011,mar,0,wednesday,1,2,0.3,0.29735,0.646667,0.172888,168,1368,1536
520,03-06-2012,summer,2012,june,0,sunday,0,1,0.6025,0.575133,0.493333,0.184087,2494,5147,7641
522,05-06-2012,summer,2012,june,0,tuesday,1,2,0.540833,0.525892,0.613333,0.209575,968,6033,7001
148,28-05-2011,summer,2011,may,0,saturday,0,1,0.655833,0.612379,0.729583,0.230092,2001,2757,4758
473,17-04-2012,summer,2012,april,0,tuesday,1,1,0.608333,0.598487,0.390417,0.273629,989,5702,6691
636,27-09-2012,winter,2012,sep,0,thursday,1,2,0.65,0.607975,0.690833,0.134342,751,6642,7393
332,28-11-2011,winter,2011,nov,0,monday,1,1,0.503478,0.490122,0.743043,0.142122,253,3614,3867
274,01-10-2011,winter,2011,oct,0,saturday,0,2,0.41,0.412863,0.75375,0.292296,480,1949,2429
602,24-08-2012,fall,2012,aug,0,friday,1,2,0.7025,0.6471,0.615,0.0721458,1325,6257,7582
605,27-08-2012,fall,2012,aug,0,monday,1,1,0.703333,0.654688,0.730417,0.128733,989,5928,6917
686,16-11-2012,winter,2012,nov,0,friday,1,1,0.345,0.347204,0.524583,0.171025,484,5214,5698
174,23-06-2011,fall,2011,june,0,thursday,1,2,0.728333,0.693833,0.703333,0.238804,746,4044,4790
122,02-05-2011,summer,2011,may,0,monday,1,2,0.549167,0.532833,0.73,0.183454,847,3554,4401
50,19-02-2011,spring,2011,feb,0,saturday,0,1,0.399167,0.391404,0.187917,0.507463,532,1103,1635
32,01-02-2011,spring,2011,feb,0,tuesday,1,2,0.192174,0.23453,0.829565,0.053213,47,1313,1360
586,08-08-2012,fall,2012,aug,0,wednesday,1,2,0.75,0.707717,0.672917,0.1107,1263,6271,7534
246,03-09-2011,fall,2011,sep,0,saturday,0,1,0.669167,0.633213,0.716667,0.185325,1935,2549,4484
367,02-01-2012,spring,2012,Jan,1,monday,0,1,0.273043,0.252304,0.381304,0.329665,244,1707,1951
404,08-02-2012,spring,2012,feb,0,wednesday,1,2,0.256667,0.266421,0.722917,0.133721,109,2693,2802
461,05-04-2012,summer,2012,april,0,thursday,1,1,0.435,0.431163,0.374167,0.219529,1192,5265,6457
668,29-10-2012,winter,2012,oct,0,monday,1,3,0.44,0.4394,0.88,0.3582,2,20,22
378,13-01-2012,spring,2012,Jan,0,friday,1,1,0.274167,0.249362,0.5075,0.378108,174,3040,3214
117,27-04-2011,summer,2011,april,0,wednesday,1,2,0.62,0.575142,0.835417,0.3122,547,3325,3872
450,25-03-2012,summer,2012,mar,0,sunday,0,2,0.4375,0.437488,0.880833,0.220775,1532,3464,4996
538,21-06-2012,fall,2012,june,0,thursday,1,1,0.805833,0.752542,0.567917,0.118787,778,5127,5905
532,15-06-2012,summer,2012,june,0,friday,1,1,0.639167,0.599754,0.589583,0.176617,1563,6102,7665
96,06-04-2011,summer,2011,april,0,wednesday,1,1,0.390833,0.387608,0.470833,0.263063,413,2395,2808
609,31-08-2012,fall,2012,aug,0,friday,1,1,0.764167,0.6894,0.5875,0.168533,1433,5917,7350
336,02-12-2011,winter,2011,dec,0,friday,1,1,0.314167,0.331433,0.625833,0.100754,268,3672,3940
300,27-10-2011,winter,2011,oct,0,thursday,1,2,0.47,0.457046,0.812917,0.197763,240,2419,2659
528,11-06-2012,summer,2012,june,0,monday,1,2,0.720833,0.659721,0.587917,0.207713,1017,5647,6664
263,20-09-2011,fall,2011,sep,0,tuesday,1,2,0.561667,0.532217,0.88125,0.134954,438,3203,3641
330,26-11-2011,winter,2011,nov,0,saturday,0,1,0.375833,0.385087,0.681667,0.0684208,1249,1819,3068
63,04-03-2011,spring,2011,mar,0,friday,1,2,0.261667,0.255679,0.610417,0.203346,214,1730,1944
395,30-01-2012,spring,2012,Jan,0,monday,1,1,0.269167,0.262625,0.400833,0.215792,126,3498,3624
652,13-10-2012,winter,2012,oct,0,saturday,0,1,0.393333,0.391396,0.494583,0.146142,2252,4857,7109
488,02-05-2012,summer,2012,may,0,wednesday,1,1,0.564167,0.537896,0.797083,0.138058,667,5502,6169
436,11-03-2012,spring,2012,mar,0,sunday,0,1,0.361739,0.35967,0.476957,0.222587,1658,3253,4911
542,25-06-2012,fall,2012,june,0,monday,1,1,0.715833,0.654042,0.504167,0.300383,1139,5640,6779
286,13-10-2011,winter,2011,oct,0,thursday,1,2,0.589167,0.551804,0.896667,0.141787,290,2623,2913
136,16-05-2011,summer,2011,may,0,monday,1,1,0.5775,0.550512,0.787917,0.126871,773,3185,3958
444,19-03-2012,spring,2012,mar,0,monday,1,1,0.545,0.532821,0.72875,0.162317,982,5171,6153
641,02-10-2012,winter,2012,oct,0,tuesday,1,3,0.590833,0.542333,0.871667,0.104475,315,4324,4639
313,09-11-2011,winter,2011,nov,0,wednesday,1,1,0.4,0.409079,0.758333,0.0621958,305,3804,4109
660,21-10-2012,winter,2012,oct,0,sunday,0,1,0.464167,0.456429,0.51,0.166054,2132,4692,6824
386,21-01-2012,spring,2012,Jan,0,saturday,0,2,0.173333,0.174875,0.83125,0.222642,67,1234,1301
518,01-06-2012,summer,2012,june,0,friday,1,2,0.654167,0.607962,0.755417,0.237563,533,3594,4127
299,26-10-2011,winter,2011,oct,0,wednesday,1,2,0.484167,0.472846,0.720417,0.148642,404,3490,3894
91,01-04-2011,summer,2011,april,0,friday,1,2,0.3,0.283454,0.68625,0.258708,307,1920,2227
249,06-09-2011,fall,2011,sep,0,tuesday,1,3,0.54,0.5152,0.886957,0.343943,204,2506,2710
594,16-08-2012,fall,2012,aug,0,thursday,1,1,0.719167,0.654688,0.519167,0.141796,1338,6267,7605
30,30-01-2011,spring,2011,Jan,0,sunday,0,1,0.216522,0.250322,0.722174,0.0739826,140,956,1096
670,31-10-2012,winter,2012,oct,0,wednesday,1,2,0.3575,0.3611,0.666667,0.166667,419,5147,5566
256,13-09-2011,fall,2011,sep,0,tuesday,1,1,0.650833,0.603554,0.7125,0.141804,701,4062,4763
721,21-12-2012,spring,2012,dec,0,friday,1,2,0.326667,0.301767,0.556667,0.374383,221,3402,3623
564,17-07-2012,fall,2012,july,0,tuesday,1,1,0.818333,0.755683,0.505833,0.114429,921,5865,6786
334,30-11-2011,winter,2011,nov,0,wednesday,1,1,0.325,0.311221,0.613333,0.271158,188,3425,3613
312,08-11-2011,winter,2011,nov,0,tuesday,1,1,0.408333,0.412246,0.721667,0.0690375,376,3829,4205
701,01-12-2012,winter,2012,dec,0,saturday,0,2,0.298333,0.316904,0.806667,0.0597042,951,4240,5191
485,29-04-2012,summer,2012,april,0,sunday,0,1,0.458333,0.450121,0.587083,0.116908,2229,4075,6304
560,13-07-2012,fall,2012,july,0,friday,1,2,0.731667,0.667933,0.485833,0.08085,1511,5988,7499
364,30-12-2011,spring,2011,dec,0,friday,1,1,0.311667,0.318812,0.636667,0.134337,491,2508,2999
161,10-06-2011,summer,2011,june,0,friday,1,1,0.755,0.703292,0.605,0.140554,815,3771,4586
597,19-08-2012,fall,2012,aug,0,sunday,0,2,0.635833,0.603554,0.711667,0.08645,1208,3341,4549
559,12-07-2012,fall,2012,july,0,thursday,1,1,0.715833,0.654683,0.529583,0.146775,1032,6414,7446
698,28-11-2012,winter,2012,nov,0,wednesday,1,1,0.296667,0.289762,0.50625,0.210821,198,5062,5260
606,28-08-2012,fall,2012,aug,0,tuesday,1,1,0.728333,0.66605,0.62,0.190925,935,6105,7040
104,14-04-2011,summer,2011,april,0,thursday,1,1,0.4675,0.462742,0.540417,0.1107,529,2738,3267
306,02-11-2011,winter,2011,nov,0,wednesday,1,1,0.3775,0.390133,0.71875,0.0820917,370,3816,4186
147,27-05-2011,summer,2011,may,0,friday,1,1,0.681667,0.637008,0.65375,0.240679,871,3808,4679
397,01-02-2012,spring,2012,feb,0,wednesday,1,1,0.469167,0.466538,0.507917,0.189067,304,4275,4579
718,18-12-2012,winter,2012,dec,0,tuesday,1,1,0.410833,0.409708,0.66625,0.221404,433,5124,5557
526,09-06-2012,summer,2012,june,0,saturday,0,1,0.710833,0.648367,0.437083,0.144287,2708,4790,7498
166,15-06-2011,summer,2011,june,0,wednesday,1,1,0.626667,0.587754,0.471667,0.167912,769,4411,5180
465,09-04-2012,summer,2012,april,0,monday,1,1,0.489167,0.476638,0.3175,0.358196,905,4680,5585
81,22-03-2011,summer,2011,mar,0,tuesday,1,1,0.441667,0.440642,0.624583,0.22575,460,2243,2703
446,21-03-2012,summer,2012,mar,0,wednesday,1,2,0.531667,0.513258,0.82125,0.0895583,1122,5108,6230
10,10-01-2011,spring,2011,Jan,0,monday,1,1,0.150833,0.150888,0.482917,0.223267,41,1280,1321
707,07-12-2012,winter,2012,dec,0,friday,1,2,0.320833,0.321958,0.764167,0.1306,349,4659,5008
321,17-11-2011,winter,2011,nov,0,thursday,1,2,0.341667,0.323221,0.575833,0.305362,139,2914,3053
575,28-07-2012,fall,2012,july,0,saturday,0,1,0.755833,0.697604,0.613333,0.15735,2234,4451,6685
180,29-06-2011,fall,2011,june,0,wednesday,1,1,0.728333,0.654688,0.497917,0.261821,848,4377,5225
530,13-06-2012,summer,2012,june,0,wednesday,1,1,0.655833,0.611117,0.582083,0.343279,1173,6248,7421
640,01-10-2012,winter,2012,oct,0,monday,1,2,0.520833,0.512,0.649167,0.0908042,763,6015,6778
583,05-08-2012,fall,2012,aug,0,sunday,0,1,0.769167,0.731079,0.6525,0.290421,1707,3757,5464
6,06-01-2011,spring,2011,Jan,0,thursday,1,1,0.204348,0.233209,0.518261,0.0895652,88,1518,1606
198,17-07-2011,fall,2011,july,0,sunday,0,1,0.719167,0.669833,0.604167,0.245033,2006,3296,5302
574,27-07-2012,fall,2012,july,0,friday,1,1,0.781667,0.734217,0.594583,0.152992,1259,5645,6904
460,04-04-2012,summer,2012,april,0,wednesday,1,1,0.541667,0.53345,0.469583,0.180975,1058,5378,6436
262,19-09-2011,fall,2011,sep,0,monday,1,2,0.549167,0.529675,0.69,0.151742,691,3848,4539
305,01-11-2011,winter,2011,nov,0,tuesday,1,1,0.400833,0.397088,0.68375,0.135571,410,3658,4068
591,13-08-2012,fall,2012,aug,0,monday,1,1,0.720833,0.662254,0.545417,0.136212,1207,5676,6883
426,01-03-2012,spring,2012,mar,0,thursday,1,1,0.485833,0.475371,0.615417,0.226987,325,4665,4990
39,08-02-2011,spring,2011,feb,0,tuesday,1,1,0.220833,0.198246,0.537917,0.36195,64,1466,1530
626,17-09-2012,fall,2012,sep,0,monday,1,2,0.580833,0.55305,0.734583,0.151742,1022,5847,6869
308,04-11-2011,winter,2011,nov,0,friday,1,2,0.403333,0.403392,0.6225,0.271779,470,3576,4046
598,20-08-2012,fall,2012,aug,0,monday,1,2,0.635833,0.595967,0.734167,0.129979,1026,5504,6530
163,12-06-2011,summer,2011,june,0,sunday,0,1,0.6925,0.643325,0.747917,0.163567,1467,2993,4460
68,09-03-2011,spring,2011,mar,0,wednesday,1,2,0.295833,0.286608,0.775417,0.22015,191,1700,1891
125,05-05-2011,summer,2011,may,0,thursday,1,1,0.459167,0.441917,0.444167,0.295392,614,3819,4433
40,09-02-2011,spring,2011,feb,0,wednesday,1,2,0.134783,0.144283,0.494783,0.188839,53,1552,1605
5,05-01-2011,spring,2011,Jan,0,wednesday,1,1,0.226957,0.22927,0.436957,0.1869,82,1518,1600
34,03-02-2011,spring,2011,feb,0,thursday,1,1,0.186957,0.177878,0.437826,0.277752,61,1489,1550
480,24-04-2012,summer,2012,april,0,tuesday,1,1,0.413333,0.405283,0.454167,0.249383,518,5115,5633
281,08-10-2011,winter,2011,oct,0,saturday,0,1,0.521667,0.513242,0.70125,0.0454042,2235,3174,5409
100,10-04-2011,summer,2011,april,0,sunday,0,2,0.426667,0.426737,0.8575,0.146767,1188,1707,2895
534,17-06-2012,summer,2012,june,0,sunday,0,1,0.5925,0.571975,0.59875,0.144904,2634,4344,6978
551,04-07-2012,fall,2012,july,1,wednesday,0,1,0.789167,0.732337,0.53875,0.13495,2562,4841,7403
237,25-08-2011,fall,2011,aug,0,thursday,1,2,0.684167,0.645854,0.771667,0.210833,435,3107,3542
400,04-02-2012,spring,2012,feb,0,saturday,0,2,0.264167,0.272725,0.779583,0.121896,384,2448,2832
389,24-01-2012,spring,2012,Jan,0,tuesday,1,1,0.3425,0.349108,0.835833,0.123767,439,3900,4339
655,16-10-2012,winter,2012,oct,0,tuesday,1,1,0.468333,0.460846,0.558333,0.182221,922,6612,7534
512,26-05-2012,summer,2012,may,0,saturday,0,1,0.6925,0.642696,0.7325,0.198992,2855,3681,6536
372,07-01-2012,spring,2012,Jan,0,saturday,0,1,0.393333,0.390779,0.531667,0.174758,1070,3451,4521
454,29-03-2012,summer,2012,mar,0,thursday,1,1,0.494167,0.482304,0.439167,0.31965,834,5299,6133
187,06-07-2011,fall,2011,july,0,wednesday,1,1,0.72,0.685633,0.743333,0.149883,784,3845,4629
456,31-03-2012,summer,2012,mar,0,saturday,0,2,0.424167,0.421708,0.738333,0.250617,2301,3934,6235
661,22-10-2012,winter,2012,oct,0,monday,1,1,0.4875,0.482942,0.568333,0.0814833,830,6228,7058
261,18-09-2011,fall,2011,sep,0,sunday,0,1,0.5075,0.490537,0.695,0.178483,1353,2921,4274
484,28-04-2012,summer,2012,april,0,saturday,0,2,0.376667,0.377504,0.489583,0.129975,1120,3100,4220
708,08-12-2012,winter,2012,dec,0,saturday,0,2,0.381667,0.389508,0.91125,0.101379,1153,4429,5582
492,06-05-2012,summer,2012,may,0,sunday,0,2,0.5625,0.546737,0.74,0.149879,2135,4224,6359
201,20-07-2011,fall,2011,july,0,wednesday,1,1,0.768333,0.74685,0.707083,0.113817,644,3688,4332
697,27-11-2012,winter,2012,nov,0,tuesday,1,2,0.291667,0.281558,0.786667,0.237562,123,3836,3959
79,20-03-2011,spring,2011,mar,0,sunday,0,1,0.3325,0.32575,0.47375,0.207721,1047,1424,2471
631,22-09-2012,fall,2012,sep,0,saturday,0,1,0.65,0.610488,0.646667,0.283583,2512,5883,8395
43,12-02-2011,spring,2011,feb,0,saturday,0,1,0.2225,0.232954,0.544167,0.203367,288,1184,1472
134,14-05-2011,summer,2011,may,0,saturday,0,2,0.520833,0.500629,0.9225,0.13495,902,2507,3409
373,08-01-2012,spring,2012,Jan,0,sunday,0,1,0.3375,0.340258,0.465,0.191542,599,2826,3425
659,20-10-2012,winter,2012,oct,0,saturday,0,1,0.484167,0.472842,0.572917,0.117537,2806,5284,8090
251,08-09-2011,fall,2011,sep,0,thursday,1,3,0.633913,0.555361,0.939565,0.192748,153,1689,1842
639,30-09-2012,winter,2012,sep,0,sunday,0,1,0.526667,0.517663,0.583333,0.134958,2015,4874,6889
416,20-02-2012,spring,2012,feb,1,monday,0,1,0.28,0.273391,0.507826,0.229083,502,2627,3129
324,20-11-2011,winter,2011,nov,0,sunday,0,2,0.463333,0.457058,0.684583,0.18595,787,2733,3520
193,12-07-2011,fall,2011,july,0,tuesday,1,1,0.794167,0.739275,0.559167,0.200254,662,3596,4258
489,03-05-2012,summer,2012,may,0,thursday,1,2,0.56,0.537242,0.768333,0.133696,764,5657,6421
688,18-11-2012,winter,2012,nov,0,sunday,0,1,0.3425,0.337746,0.692917,0.227612,922,3747,4669
487,01-05-2012,summer,2012,may,0,tuesday,1,2,0.613333,0.577021,0.659583,0.156096,653,5087,5740
547,30-06-2012,fall,2012,june,0,saturday,0,1,0.765,0.687508,0.60125,0.161071,1455,4232,5687
449,24-03-2012,summer,2012,mar,0,saturday,0,2,0.5025,0.486733,0.885417,0.192783,1033,2339,3372
482,26-04-2012,summer,2012,april,0,thursday,1,2,0.498333,0.483583,0.756667,0.176625,475,4551,5026
158,07-06-2011,summer,2011,june,0,tuesday,1,1,0.7075,0.65595,0.597917,0.187808,763,4070,4833
523,06-06-2012,summer,2012,june,0,wednesday,1,1,0.554167,0.542292,0.61125,0.077125,1027,6028,7055
610,01-09-2012,fall,2012,sep,0,saturday,0,2,0.753333,0.702654,0.638333,0.113187,2352,3788,6140
703,03-12-2012,winter,2012,dec,0,monday,1,1,0.4525,0.455796,0.7675,0.0827208,555,5679,6234
453,28-03-2012,summer,2012,mar,0,wednesday,1,1,0.484167,0.47095,0.48125,0.291671,674,5024,5698
307,03-11-2011,winter,2011,nov,0,thursday,1,1,0.408333,0.405921,0.702083,0.136817,318,3656,3974
629,20-09-2012,fall,2012,sep,0,thursday,1,1,0.546667,0.532192,0.618333,0.118167,939,6781,7720
103,13-04-2011,summer,2011,april,0,wednesday,1,2,0.4125,0.417283,0.819167,0.250617,209,1953,2162
53,22-02-2011,spring,2011,feb,0,tuesday,1,1,0.182222,0.186033,0.577778,0.195683,74,1376,1450
511,25-05-2012,summer,2012,may,0,friday,1,1,0.68,0.627529,0.747083,0.14055,1417,5317,6734
375,10-01-2012,spring,2012,Jan,0,tuesday,1,1,0.308696,0.318826,0.646522,0.187552,173,3425,3598
379,14-01-2012,spring,2012,Jan,0,saturday,0,1,0.18,0.183087,0.4575,0.187183,333,2160,2493
98,08-04-2011,summer,2011,april,0,friday,1,2,0.335833,0.324479,0.83625,0.226992,172,1299,1471
578,31-07-2012,fall,2012,july,0,tuesday,1,1,0.713333,0.662896,0.704167,0.165425,968,6248,7216
129,09-05-2011,summer,2011,may,0,monday,1,1,0.5325,0.525246,0.58875,0.176,664,3698,4362
178,27-06-2011,fall,2011,june,0,monday,1,2,0.6825,0.637004,0.658333,0.107588,854,3854,4708
111,21-04-2011,summer,2011,april,0,thursday,1,1,0.459167,0.453892,0.407083,0.325258,745,3444,4189
545,28-06-2012,fall,2012,june,0,thursday,1,1,0.749167,0.675512,0.4225,0.17165,921,5958,6879
481,25-04-2012,summer,2012,april,0,wednesday,1,1,0.476667,0.470317,0.427917,0.118792,655,5541,6196
355,21-12-2011,spring,2011,dec,0,wednesday,1,2,0.428333,0.428017,0.858333,0.2214,107,2553,2660
527,10-06-2012,summer,2012,june,0,sunday,0,1,0.726667,0.663517,0.538333,0.133721,2224,4374,6598
143,23-05-2011,summer,2011,may,0,monday,1,2,0.631667,0.590296,0.81,0.233842,836,3438,4274
638,29-09-2012,winter,2012,sep,0,saturday,0,1,0.5425,0.530296,0.542917,0.227604,2589,5966,8555
7,07-01-2011,spring,2011,Jan,0,friday,1,2,0.196522,0.208839,0.498696,0.168726,148,1362,1510
268,25-09-2011,winter,2011,sep,0,sunday,0,2,0.634167,0.572637,0.845,0.0503792,1544,3466,5010
603,25-08-2012,fall,2012,aug,0,saturday,0,2,0.661667,0.618696,0.712917,0.244408,1829,4224,6053
238,26-08-2011,fall,2011,aug,0,friday,1,1,0.7,0.659733,0.76125,0.0839625,768,3893,4661
458,02-04-2012,summer,2012,april,0,monday,1,1,0.433913,0.427513,0.504348,0.312139,1208,4728,5936
59,28-02-2011,spring,2011,feb,0,monday,1,2,0.407273,0.400118,0.876364,0.289686,81,1365,1446
233,21-08-2011,fall,2011,aug,0,sunday,0,1,0.710833,0.675525,0.77,0.248754,1249,2624,3873
713,13-12-2012,winter,2012,dec,0,thursday,1,1,0.295833,0.294188,0.485833,0.174129,425,5107,5532
600,22-08-2012,fall,2012,aug,0,wednesday,1,1,0.6675,0.621854,0.677083,0.0702833,1094,6281,7375
204,23-07-2011,fall,2011,july,0,saturday,0,1,0.849167,0.804287,0.5,0.131221,987,2298,3285
684,14-11-2012,winter,2012,nov,0,wednesday,1,1,0.289167,0.281563,0.552083,0.199625,373,5122,5495
285,12-10-2011,winter,2011,oct,0,wednesday,1,3,0.543333,0.517717,0.90625,0.24815,217,2199,2416
420,24-02-2012,spring,2012,feb,0,friday,1,2,0.4075,0.410971,0.7375,0.237567,246,3241,3487
3,03-01-2011,spring,2011,Jan,0,monday,1,1,0.196364,0.189405,0.437273,0.248309,120,1229,1349
717,17-12-2012,winter,2012,dec,0,monday,1,2,0.393333,0.4015,0.907083,0.0982583,212,4373,4585
390,25-01-2012,spring,2012,Jan,0,wednesday,1,1,0.294167,0.294821,0.64375,0.161071,467,3803,4270
218,06-08-2011,fall,2011,aug,0,saturday,0,2,0.716667,0.676154,0.755,0.22825,1521,2773,4294
361,27-12-2011,spring,2011,dec,0,tuesday,1,2,0.325,0.327633,0.7625,0.18845,103,1059,1162
47,16-02-2011,spring,2011,feb,0,wednesday,1,1,0.318261,0.3162,0.423478,0.251791,218,1897,2115
702,02-12-2012,winter,2012,dec,0,sunday,0,2,0.3475,0.359208,0.823333,0.124379,892,3757,4649
226,14-08-2011,fall,2011,aug,0,sunday,0,2,0.676667,0.624388,0.8175,0.222633,1338,2482,3820
19,19-01-2011,spring,2011,Jan,0,wednesday,1,2,0.292174,0.298422,0.741739,0.208317,78,1572,1650
169,18-06-2011,summer,2011,june,0,saturday,0,1,0.696667,0.643954,0.670417,0.119408,1807,3312,5119
229,17-08-2011,fall,2011,aug,0,wednesday,1,1,0.723333,0.666671,0.575417,0.143667,668,4026,4694
293,20-10-2011,winter,2011,oct,0,thursday,1,1,0.475833,0.466525,0.63625,0.422275,471,3724,4195
228,16-08-2011,fall,2011,aug,0,tuesday,1,1,0.700833,0.645837,0.578333,0.236329,721,4004,4725
611,02-09-2012,fall,2012,sep,0,sunday,0,2,0.696667,0.649,0.815,0.0640708,2613,3197,5810
550,03-07-2012,fall,2012,july,0,tuesday,1,1,0.780833,0.70265,0.492083,0.126237,1052,5608,6660
329,25-11-2011,winter,2011,nov,0,friday,1,1,0.375,0.380671,0.64375,0.0988958,1095,1697,2792
284,11-10-2011,winter,2011,oct,0,tuesday,1,2,0.566667,0.546096,0.80875,0.143042,667,3896,4563
679,09-11-2012,winter,2012,nov,0,friday,1,1,0.361667,0.355413,0.540833,0.214558,709,5283,5992
711,11-12-2012,winter,2012,dec,0,tuesday,1,2,0.353333,0.338363,0.596667,0.296037,282,5219,5501
557,10-07-2012,fall,2012,july,0,tuesday,1,2,0.720833,0.664796,0.6675,0.151737,954,5336,6290
483,27-04-2012,summer,2012,april,0,friday,1,1,0.4575,0.452637,0.400833,0.347633,1014,5219,6233
94,04-04-2011,summer,2011,april,0,monday,1,1,0.573333,0.542929,0.42625,0.385571,734,2381,3115
214,02-08-2011,fall,2011,aug,0,tuesday,1,1,0.783333,0.707071,0.49125,0.20585,801,4044,4845
259,16-09-2011,fall,2011,sep,0,friday,1,2,0.469167,0.461475,0.590417,0.164183,742,4018,4760
338,04-12-2011,winter,2011,dec,0,sunday,0,1,0.330833,0.3491,0.775833,0.0839583,634,2851,3485
292,19-10-2011,winter,2011,oct,0,wednesday,1,3,0.541739,0.513848,0.895217,0.243339,254,2170,2424
616,07-09-2012,fall,2012,sep,0,friday,1,1,0.703333,0.657204,0.73625,0.171646,1045,6459,7504
107,17-04-2011,summer,2011,april,0,sunday,0,1,0.456667,0.445696,0.479583,0.303496,1558,2186,3744
116,26-04-2011,summer,2011,april,0,tuesday,1,1,0.631667,0.594083,0.729167,0.3265,678,3722,4400
159,08-06-2011,summer,2011,june,0,wednesday,1,1,0.775833,0.727279,0.622083,0.136817,676,3725,4401
726,26-12-2012,spring,2012,dec,0,wednesday,1,3,0.243333,0.220333,0.823333,0.316546,9,432,441
592,14-08-2012,fall,2012,aug,0,tuesday,1,1,0.726667,0.676779,0.686667,0.169158,1128,5656,6784
37,06-02-2011,spring,2011,feb,0,sunday,0,1,0.285833,0.291671,0.568333,0.1418,354,1269,1623
497,11-05-2012,summer,2012,may,0,friday,1,1,0.533333,0.520833,0.360417,0.236937,1319,5711,7030
363,29-12-2011,spring,2011,dec,0,thursday,1,1,0.248333,0.263892,0.574167,0.119412,254,2169,2423
429,04-03-2012,spring,2012,mar,0,sunday,0,1,0.325833,0.303021,0.403333,0.334571,710,2713,3423
205,24-07-2011,fall,2011,july,0,sunday,0,1,0.83,0.794829,0.550833,0.169171,1050,2556,3606
245,02-09-2011,fall,2011,sep,0,friday,1,2,0.643333,0.604808,0.727083,0.139929,875,3852,4727
222,10-08-2011,fall,2011,aug,0,wednesday,1,1,0.766667,0.684983,0.424167,0.200258,884,3896,4780
247,04-09-2011,fall,2011,sep,0,sunday,0,1,0.709167,0.665429,0.742083,0.206467,2521,2419,4940
366,01-01-2012,spring,2012,Jan,0,sunday,0,1,0.37,0.375621,0.6925,0.192167,686,1608,2294
475,19-04-2012,summer,2012,april,0,thursday,1,1,0.498333,0.493046,0.6125,0.0659292,846,5719,6565
508,22-05-2012,summer,2012,may,0,tuesday,1,2,0.615,0.580825,0.765833,0.118167,819,5254,6073
704,04-12-2012,winter,2012,dec,0,tuesday,1,1,0.475833,0.469054,0.73375,0.174129,551,6055,6606
531,14-06-2012,summer,2012,june,0,thursday,1,1,0.648333,0.624383,0.569583,0.253733,1180,6183,7363
352,18-12-2011,winter,2011,dec,0,sunday,0,1,0.238333,0.245579,0.58625,0.169779,220,2211,2431
250,07-09-2011,fall,2011,sep,0,wednesday,1,3,0.599167,0.544229,0.917083,0.0970208,118,1878,1996
123,03-05-2011,summer,2011,may,0,tuesday,1,2,0.616667,0.582079,0.697083,0.342667,603,3848,4451
678,08-11-2012,winter,2012,nov,0,thursday,1,1,0.352174,0.341891,0.333478,0.347835,340,4975,5315
165,14-06-2011,summer,2011,june,0,tuesday,1,1,0.604167,0.591546,0.507083,0.269283,727,4164,4891
624,15-09-2012,fall,2012,sep,0,saturday,0,1,0.608333,0.585867,0.501667,0.247521,3160,5554,8714
593,15-08-2012,fall,2012,aug,0,wednesday,1,1,0.706667,0.654037,0.619583,0.169771,1198,6149,7347
604,26-08-2012,fall,2012,aug,0,sunday,0,2,0.653333,0.595996,0.845833,0.228858,1483,3772,5255
240,28-08-2011,fall,2011,aug,0,sunday,0,1,0.707059,0.647959,0.561765,0.304659,1415,2919,4334
84,25-03-2011,summer,2011,mar,0,friday,1,1,0.264167,0.256312,0.495,0.230725,300,1910,2210
503,17-05-2012,summer,2012,may,0,thursday,1,1,0.593333,0.572613,0.52,0.229475,1242,6142,7384
296,23-10-2011,winter,2011,oct,0,sunday,0,1,0.421667,0.422333,0.74125,0.0995125,1619,2762,4381
618,09-09-2012,fall,2012,sep,0,sunday,0,1,0.61,0.578925,0.5475,0.224496,2570,5657,8227
71,12-03-2011,spring,2011,mar,0,saturday,0,1,0.329167,0.32575,0.594583,0.220775,724,1408,2132
620,11-09-2012,fall,2012,sep,0,tuesday,1,1,0.5775,0.554292,0.52,0.0920542,1070,6697,7767
434,09-03-2012,spring,2012,mar,0,friday,1,2,0.410833,0.397083,0.407083,0.4148,447,4122,4569
99,09-04-2011,summer,2011,april,0,saturday,0,2,0.3425,0.341529,0.8775,0.133083,879,1576,2455
691,21-11-2012,winter,2012,nov,0,wednesday,1,1,0.353333,0.364892,0.61375,0.103246,615,4531,5146
674,04-11-2012,winter,2012,nov,0,sunday,0,1,0.325833,0.329538,0.532917,0.179108,1201,3906,5107
360,26-12-2011,spring,2011,dec,1,monday,0,1,0.321739,0.315535,0.506957,0.239465,430,887,1317
31,31-01-2011,spring,2011,Jan,0,monday,1,2,0.180833,0.18625,0.60375,0.187192,42,1459,1501
341,07-12-2011,winter,2011,dec,0,wednesday,1,3,0.41,0.400246,0.970417,0.266175,50,655,705
437,12-03-2012,spring,2012,mar,0,monday,1,1,0.466667,0.459592,0.489167,0.207713,838,4460,5298
95,05-04-2011,summer,2011,april,0,tuesday,1,2,0.414167,0.39835,0.642083,0.388067,167,1628,1795
128,08-05-2011,summer,2011,may,0,sunday,0,1,0.528333,0.518933,0.631667,0.0746375,1401,2932,4333
612,03-09-2012,fall,2012,sep,1,monday,0,1,0.7075,0.661629,0.790833,0.151121,1965,4069,6034
2,02-01-2011,spring,2011,Jan,0,sunday,0,2,0.363478,0.353739,0.696087,0.248539,131,670,801
499,13-05-2012,summer,2012,may,0,sunday,0,1,0.6125,0.585238,0.57625,0.225117,2172,3946,6118
28,28-01-2011,spring,2011,Jan,0,friday,1,2,0.203478,0.223317,0.793043,0.1233,38,1129,1167
90,31-03-2011,summer,2011,mar,0,thursday,1,3,0.268333,0.257575,0.918333,0.217646,179,1506,1685
309,05-11-2011,winter,2011,nov,0,saturday,0,1,0.326667,0.323854,0.519167,0.189062,1156,2770,3926
74,15-03-2011,spring,2011,mar,0,tuesday,1,2,0.317391,0.318178,0.655652,0.184309,289,1767,2056
185,04-07-2011,fall,2011,july,1,monday,0,2,0.726667,0.665417,0.637917,0.0814792,3065,2978,6043
710,10-12-2012,winter,2012,dec,0,monday,1,2,0.435833,0.435575,0.925,0.190308,329,4841,5170
172,21-06-2011,fall,2011,june,0,tuesday,1,2,0.680833,0.637646,0.770417,0.171025,774,4061,4835
418,22-02-2012,spring,2012,feb,0,wednesday,1,1,0.395833,0.392667,0.567917,0.234471,394,4379,4773
227,15-08-2011,fall,2011,aug,0,monday,1,1,0.665833,0.616167,0.712083,0.208954,775,3563,4338
579,01-08-2012,fall,2012,aug,0,wednesday,1,1,0.7175,0.667308,0.6775,0.141179,1074,6506,7580
553,06-07-2012,fall,2012,july,0,friday,1,1,0.828333,0.752533,0.450833,0.146142,1366,4841,6207
608,30-08-2012,fall,2012,aug,0,thursday,1,1,0.706667,0.652779,0.590417,0.0771167,1172,6541,7713
92,02-04-2011,summer,2011,april,0,saturday,0,2,0.315,0.315637,0.65375,0.197146,898,1354,2252
627,18-09-2012,fall,2012,sep,0,tuesday,1,2,0.623333,0.565067,0.8725,0.357587,371,3702,4073
371,06-01-2012,spring,2012,Jan,0,friday,1,1,0.334167,0.340267,0.542083,0.167908,307,3791,4098
632,23-09-2012,winter,2012,sep,0,sunday,0,1,0.529167,0.518933,0.467083,0.223258,2454,5453,7907
126,06-05-2011,summer,2011,may,0,friday,1,1,0.479167,0.474117,0.59,0.228246,894,3714,4608
424,28-02-2012,spring,2012,feb,0,tuesday,1,1,0.359167,0.353525,0.395833,0.193417,229,4134,4363
709,09-12-2012,winter,2012,dec,0,sunday,0,2,0.384167,0.390146,0.905417,0.157975,441,2787,3228
411,15-02-2012,spring,2012,feb,0,wednesday,1,1,0.348333,0.351629,0.53125,0.1816,141,4028,4169
316,12-11-2011,winter,2011,nov,0,saturday,0,1,0.356667,0.357942,0.552917,0.212062,1275,2792,4067
377,12-01-2012,spring,2012,Jan,0,thursday,1,2,0.3825,0.381938,0.802917,0.180967,269,3828,4097
13,13-01-2011,spring,2011,Jan,0,thursday,1,1,0.165,0.150883,0.470417,0.301,38,1368,1406
633,24-09-2012,winter,2012,sep,0,monday,1,1,0.514167,0.502513,0.492917,0.142404,1001,6435,7436
439,14-03-2012,spring,2012,mar,0,wednesday,1,1,0.5725,0.548617,0.507083,0.115062,997,5315,6312
510,24-05-2012,summer,2012,may,0,thursday,1,1,0.655,0.6067,0.716667,0.172896,1059,5711,6770
731,31-12-2012,spring,2012,dec,0,monday,1,2,0.215833,0.223487,0.5775,0.154846,439,2290,2729
539,22-06-2012,fall,2012,june,0,friday,1,1,0.7775,0.724121,0.57375,0.182842,964,4859,5823
561,14-07-2012,fall,2012,july,0,saturday,0,2,0.703333,0.666042,0.699167,0.143679,2355,4614,6969
239,27-08-2011,fall,2011,aug,0,saturday,0,2,0.68,0.635556,0.85,0.375617,226,889,1115
115,25-04-2011,summer,2011,april,0,monday,1,1,0.606667,0.5745,0.776667,0.185333,773,3300,4073
443,18-03-2012,spring,2012,mar,0,sunday,0,2,0.4725,0.464,0.81,0.126883,2207,3685,5892
724,24-12-2012,spring,2012,dec,0,monday,1,2,0.231304,0.2589,0.791304,0.0772304,174,746,920
310,06-11-2011,winter,2011,nov,0,sunday,0,1,0.348333,0.362358,0.734583,0.0920542,952,2697,3649
410,14-02-2012,spring,2012,feb,0,tuesday,1,2,0.319167,0.333946,0.50875,0.141179,135,3787,3922
144,24-05-2011,summer,2011,may,0,tuesday,1,2,0.66,0.604813,0.740833,0.207092,659,3833,4492
588,10-08-2012,fall,2012,aug,0,friday,1,2,0.715833,0.667942,0.715833,0.238813,1065,4721,5786
15,15-01-2011,spring,2011,Jan,0,saturday,0,2,0.233333,0.248112,0.49875,0.157963,222,1026,1248
689,19-11-2012,winter,2012,nov,0,monday,1,2,0.380833,0.375621,0.623333,0.235067,449,5050,5499
464,08-04-2012,summer,2012,april,0,sunday,0,1,0.5,0.492425,0.275833,0.232596,2230,2939,5169
55,24-02-2011,spring,2011,feb,0,thursday,1,2,0.295652,0.289191,0.697391,0.250496,100,1707,1807
431,06-03-2012,spring,2012,mar,0,tuesday,1,1,0.258333,0.255042,0.456667,0.200875,221,3735,3956
209,28-07-2011,fall,2011,july,0,thursday,1,1,0.779167,0.7399,0.583333,0.178479,606,3784,4390
345,11-12-2011,winter,2011,dec,0,sunday,0,1,0.220833,0.253154,0.49,0.0665417,377,2366,2743
441,16-03-2012,spring,2012,mar,0,friday,1,2,0.435833,0.436229,0.842083,0.113192,548,3830,4378
132,12-05-2011,summer,2011,may,0,thursday,1,1,0.535,0.523363,0.7475,0.189667,695,4169,4864
381,16-01-2012,spring,2012,Jan,1,monday,0,1,0.19,0.190663,0.5225,0.231358,217,2081,2298
175,24-06-2011,fall,2011,june,0,friday,1,1,0.724167,0.656583,0.573333,0.222025,969,4022,4991
577,30-07-2012,fall,2012,july,0,monday,1,1,0.730833,0.684987,0.66875,0.153617,1040,6065,7105
192,11-07-2011,fall,2011,july,0,monday,1,1,0.7625,0.729804,0.635833,0.282337,723,3363,4086
271,28-09-2011,winter,2011,sep,0,wednesday,1,2,0.635,0.575158,0.84875,0.148629,480,3427,3907
408,12-02-2012,spring,2012,feb,0,sunday,0,1,0.1275,0.101658,0.464583,0.409212,73,1456,1529
519,02-06-2012,summer,2012,june,0,saturday,0,1,0.583333,0.566288,0.549167,0.186562,2795,5325,8120
124,04-05-2011,summer,2011,may,0,wednesday,1,2,0.414167,0.40465,0.737083,0.328996,255,2378,2633
139,19-05-2011,summer,2011,may,0,thursday,1,2,0.530833,0.510742,0.829583,0.108213,735,3840,4575
671,01-11-2012,winter,2012,nov,0,thursday,1,2,0.365833,0.369942,0.581667,0.157346,466,5520,5986
52,21-02-2011,spring,2011,feb,1,monday,0,2,0.303333,0.284075,0.605,0.307846,195,912,1107
221,09-08-2011,fall,2011,aug,0,tuesday,1,1,0.775,0.724121,0.570417,0.151121,907,3695,4602
113,23-04-2011,summer,2011,april,0,saturday,0,2,0.46,0.450121,0.887917,0.230725,1462,2574,4036
266,23-09-2011,winter,2011,sep,0,friday,1,2,0.609167,0.522125,0.9725,0.0783667,258,2137,2395
276,03-10-2011,winter,2011,oct,0,monday,1,2,0.384167,0.392046,0.760833,0.0833458,330,3240,3570
273,30-09-2011,winter,2011,sep,0,friday,1,1,0.564167,0.544829,0.6475,0.206475,830,4372,5202
343,09-12-2011,winter,2011,dec,0,friday,1,1,0.290833,0.317542,0.695833,0.0827167,261,3359,3620
257,14-09-2011,fall,2011,sep,0,wednesday,1,1,0.673333,0.6269,0.697083,0.1673,647,4138,4785
183,02-07-2011,fall,2011,july,0,saturday,0,1,0.738333,0.667308,0.444583,0.115062,2204,2915,5119
106,16-04-2011,summer,2011,april,0,saturday,0,3,0.430833,0.425492,0.888333,0.340808,121,674,795
301,28-10-2011,winter,2011,oct,0,friday,1,2,0.330833,0.318812,0.585833,0.229479,456,3291,3747
447,22-03-2012,summer,2012,mar,0,thursday,1,1,0.554167,0.531567,0.83125,0.117562,1334,5537,6871
720,20-12-2012,winter,2012,dec,0,thursday,1,2,0.33,0.335217,0.667917,0.132463,314,3814,4128
555,08-07-2012,fall,2012,july,0,sunday,0,1,0.8225,0.790396,0.57375,0.125629,1203,3469,4672
241,29-08-2011,fall,2011,aug,0,monday,1,1,0.636667,0.607958,0.554583,0.159825,729,3905,4634
231,19-08-2011,fall,2011,aug,0,friday,1,2,0.685,0.633221,0.722917,0.139308,797,3356,4153
154,03-06-2011,summer,2011,june,0,friday,1,1,0.62,0.587133,0.354167,0.253121,898,4414,5312
327,23-11-2011,winter,2011,nov,0,wednesday,1,2,0.440833,0.430537,0.757917,0.335825,112,2454,2566
206,25-07-2011,fall,2011,july,0,monday,1,1,0.743333,0.720958,0.757083,0.0908083,568,3272,3840
459,03-04-2012,summer,2012,april,0,tuesday,1,1,0.466667,0.461483,0.396667,0.100133,1348,5424,6772
630,21-09-2012,fall,2012,sep,0,friday,1,1,0.599167,0.571971,0.66875,0.154229,1250,6917,8167
295,22-10-2011,winter,2011,oct,0,saturday,0,1,0.4225,0.425492,0.629167,0.0926667,1499,2809,4308
151,31-05-2011,summer,2011,may,0,tuesday,1,1,0.775,0.725383,0.636667,0.111329,673,3309,3982
157,06-06-2011,summer,2011,june,0,monday,1,1,0.678333,0.621858,0.6,0.121896,673,3875,4548
466,10-04-2012,summer,2012,april,0,tuesday,1,1,0.446667,0.436233,0.435,0.249375,819,5099,5918
164,13-06-2011,summer,2011,june,0,monday,1,1,0.635,0.601654,0.494583,0.30535,863,4157,5020
168,17-06-2011,summer,2011,june,0,friday,1,1,0.649167,0.600383,0.735833,0.143029,863,3981,4844
146,26-05-2011,summer,2011,may,0,thursday,1,1,0.708333,0.654688,0.6775,0.199642,758,3919,4677
207,26-07-2011,fall,2011,july,0,tuesday,1,1,0.771667,0.696979,0.540833,0.200258,750,3840,4590
501,15-05-2012,summer,2012,may,0,tuesday,1,2,0.611667,0.576404,0.794583,0.147392,625,4490,5115
189,08-07-2011,fall,2011,july,0,friday,1,2,0.709167,0.670483,0.757917,0.225129,692,3348,4040
325,21-11-2011,winter,2011,nov,0,monday,1,3,0.4475,0.445062,0.91,0.138054,220,2545,2765
619,10-09-2012,fall,2012,sep,0,monday,1,1,0.583333,0.565654,0.50375,0.258713,1118,6407,7525
653,14-10-2012,winter,2012,oct,0,sunday,0,1,0.521667,0.508204,0.640417,0.278612,2080,4559,6639
80,21-03-2011,summer,2011,mar,0,monday,1,2,0.430435,0.409735,0.737391,0.288783,401,1676,2077
590,12-08-2012,fall,2012,aug,0,sunday,0,1,0.700833,0.644579,0.530417,0.122512,2182,4362,6544
658,19-10-2012,winter,2012,oct,0,friday,1,2,0.563333,0.537896,0.815,0.134954,753,4671,5424
230,18-08-2011,fall,2011,aug,0,thursday,1,1,0.711667,0.662258,0.654583,0.233208,639,3166,3805
642,03-10-2012,winter,2012,oct,0,wednesday,1,2,0.6575,0.599133,0.79375,0.0665458,728,6844,7572
101,11-04-2011,summer,2011,april,0,monday,1,2,0.595652,0.565217,0.716956,0.324474,855,2493,3348
291,18-10-2011,winter,2011,oct,0,tuesday,1,2,0.5325,0.522721,0.701667,0.110087,637,4111,4748
445,20-03-2012,spring,2012,mar,0,tuesday,1,1,0.560833,0.538533,0.807917,0.121271,1051,5042,6093
693,23-11-2012,winter,2012,nov,0,friday,1,1,0.368333,0.378779,0.56875,0.148021,1603,2307,3910
54,23-02-2011,spring,2011,feb,0,wednesday,1,1,0.221739,0.245717,0.423043,0.094113,139,1778,1917
392,27-01-2012,spring,2012,Jan,0,friday,1,2,0.425,0.415383,0.74125,0.342667,269,3187,3456
706,06-12-2012,winter,2012,dec,0,thursday,1,1,0.255833,0.258204,0.50875,0.174754,340,5035,5375
730,30-12-2012,spring,2012,dec,0,sunday,0,1,0.255833,0.2317,0.483333,0.350754,364,1432,1796
252,09-09-2011,fall,2011,sep,0,friday,1,2,0.65,0.578946,0.897917,0.124379,417,3127,3544
500,14-05-2012,summer,2012,may,0,monday,1,2,0.573333,0.5499,0.789583,0.212692,342,2501,2843
476,20-04-2012,summer,2012,april,0,friday,1,1,0.526667,0.515775,0.694583,0.149871,1340,5950,7290
272,29-09-2011,winter,2011,sep,0,thursday,1,1,0.616667,0.574512,0.699167,0.172883,653,4186,4839
45,14-02-2011,spring,2011,feb,0,monday,1,1,0.415,0.39835,0.375833,0.417908,208,1705,1913
114,24-04-2011,summer,2011,april,0,sunday,0,2,0.581667,0.551763,0.810833,0.192175,1710,2481,4191
25,25-01-2011,spring,2011,Jan,0,tuesday,1,2,0.223478,0.234526,0.616957,0.129796,186,1799,1985
212,31-07-2011,fall,2011,july,0,sunday,0,1,0.805833,0.729796,0.480833,0.164813,1524,2778,4302
170,19-06-2011,summer,2011,june,0,sunday,0,2,0.699167,0.645846,0.666667,0.102,1639,3105,4744
521,04-06-2012,summer,2012,june,0,monday,1,1,0.5975,0.578283,0.487083,0.284833,1071,5927,6998
33,02-02-2011,spring,2011,feb,0,wednesday,1,2,0.26,0.254417,0.775417,0.264308,72,1454,1526
110,20-04-2011,summer,2011,april,0,wednesday,1,1,0.595,0.564392,0.614167,0.241925,613,3331,3944
137,17-05-2011,summer,2011,may,0,tuesday,1,2,0.561667,0.538529,0.837917,0.277354,678,3445,4123
331,27-11-2011,winter,2011,nov,0,sunday,0,1,0.459167,0.4558,0.698333,0.208954,810,2261,3071
223,11-08-2011,fall,2011,aug,0,thursday,1,1,0.7175,0.651521,0.42375,0.164796,812,3980,4792
29,29-01-2011,spring,2011,Jan,0,saturday,0,1,0.196522,0.212126,0.651739,0.145365,123,975,1098
288,15-10-2011,winter,2011,oct,0,saturday,0,1,0.506667,0.498725,0.483333,0.258083,1899,3318,5217
56,25-02-2011,spring,2011,feb,0,friday,1,2,0.364348,0.350461,0.712174,0.346539,120,1341,1461
644,05-10-2012,winter,2012,oct,0,friday,1,1,0.615,0.580187,0.6275,0.10635,1516,6640,8156
656,17-10-2012,winter,2012,oct,0,wednesday,1,1,0.455833,0.450108,0.692917,0.101371,979,6482,7461
49,18-02-2011,spring,2011,feb,0,friday,1,1,0.521667,0.511983,0.516667,0.264925,579,2348,2927
728,28-12-2012,spring,2012,dec,0,friday,1,2,0.253333,0.255046,0.59,0.155471,644,2451,3095
546,29-06-2012,fall,2012,june,0,friday,1,1,0.834167,0.786613,0.48875,0.165417,829,4634,5463
478,22-04-2012,summer,2012,april,0,sunday,0,3,0.396667,0.389504,0.835417,0.344546,120,907,1027
548,01-07-2012,fall,2012,july,0,sunday,0,1,0.815833,0.750629,0.51875,0.168529,1421,4110,5531
64,05-03-2011,spring,2011,mar,0,saturday,0,2,0.384167,0.378779,0.789167,0.251871,640,1437,2077
414,18-02-2012,spring,2012,feb,0,saturday,0,1,0.346667,0.355425,0.534583,0.190929,1435,2883,4318
385,20-01-2012,spring,2012,Jan,0,friday,1,2,0.2175,0.220958,0.45,0.20275,115,3048,3163
648,09-10-2012,winter,2012,oct,0,tuesday,1,2,0.446667,0.438112,0.761667,0.1903,601,5791,6392
323,19-11-2011,winter,2011,nov,0,saturday,0,1,0.329167,0.324483,0.502083,0.224496,943,2720,3663
452,27-03-2012,summer,2012,mar,0,tuesday,1,1,0.323333,0.315654,0.29,0.187192,531,4571,5102
568,21-07-2012,fall,2012,july,0,saturday,0,3,0.595833,0.549912,0.865417,0.2133,1264,3195,4459
235,23-08-2011,fall,2011,aug,0,tuesday,1,1,0.640833,0.606067,0.455417,0.146763,1281,4614,5895
558,11-07-2012,fall,2012,july,0,wednesday,1,1,0.716667,0.650271,0.633333,0.151733,975,6289,7264
463,07-04-2012,summer,2012,april,0,saturday,0,1,0.4375,0.426129,0.254167,0.274871,3252,3605,6857
425,29-02-2012,spring,2012,feb,0,wednesday,1,2,0.344348,0.34847,0.804783,0.179117,65,1769,1834
643,04-10-2012,winter,2012,oct,0,thursday,1,2,0.6575,0.607975,0.722917,0.117546,891,6437,7328
304,31-10-2011,winter,2011,oct,0,monday,1,1,0.34,0.356063,0.703333,0.10635,362,3307,3669
645,06-10-2012,winter,2012,oct,0,saturday,0,1,0.554167,0.538521,0.664167,0.268025,3031,4934,7965
220,08-08-2011,fall,2011,aug,0,monday,1,1,0.765,0.703283,0.592083,0.192175,846,3480,4326
635,26-09-2012,winter,2012,sep,0,wednesday,1,1,0.635,0.596613,0.630833,0.2444,787,6946,7733
297,24-10-2011,winter,2011,oct,0,monday,1,1,0.463333,0.457067,0.772083,0.118792,699,3488,4187
22,22-01-2011,spring,2011,Jan,0,saturday,0,1,0.0591304,0.0790696,0.4,0.17197,93,888,981
421,25-02-2012,spring,2012,feb,0,saturday,0,1,0.290833,0.255675,0.395833,0.421642,317,2415,2732
326,22-11-2011,winter,2011,nov,0,tuesday,1,3,0.416667,0.421696,0.9625,0.118792,69,1538,1607
200,19-07-2011,fall,2011,july,0,tuesday,1,1,0.776667,0.747479,0.650417,0.1306,752,3789,4541
451,26-03-2012,summer,2012,mar,0,monday,1,1,0.445833,0.43875,0.477917,0.386821,795,4763,5558
138,18-05-2011,summer,2011,may,0,wednesday,1,2,0.55,0.527158,0.87,0.201492,536,3319,3855
537,20-06-2012,summer,2012,june,0,wednesday,1,1,0.7825,0.720975,0.592083,0.113812,872,5339,6211
213,01-08-2011,fall,2011,aug,0,monday,1,1,0.771667,0.703292,0.550833,0.156717,729,3537,4266
705,05-12-2012,winter,2012,dec,0,wednesday,1,1,0.438333,0.428012,0.485,0.324021,331,5398,5729
683,13-11-2012,winter,2012,nov,0,tuesday,1,2,0.343333,0.323225,0.662917,0.342046,327,3767,4094
672,02-11-2012,winter,2012,nov,0,friday,1,1,0.355,0.356042,0.522083,0.266175,618,5229,5847
506,20-05-2012,summer,2012,may,0,sunday,0,1,0.620833,0.583967,0.530417,0.254367,2704,4425,7129
595,17-08-2012,fall,2012,aug,0,friday,1,1,0.723333,0.2424,0.570833,0.231354,1483,5665,7148
232,20-08-2011,fall,2011,aug,0,saturday,0,1,0.6975,0.648996,0.674167,0.104467,1914,3277,5191
406,10-02-2012,spring,2012,feb,0,friday,1,2,0.280833,0.293558,0.54,0.116929,227,3604,3831
569,22-07-2012,fall,2012,july,0,sunday,0,2,0.6675,0.623125,0.7625,0.0939208,2544,4866,7410
318,14-11-2011,winter,2011,nov,0,monday,1,1,0.53,0.524612,0.587083,0.306596,595,3891,4486
184,03-07-2011,fall,2011,july,0,sunday,0,2,0.716667,0.668575,0.6825,0.228858,2282,2367,4649
625,16-09-2012,fall,2012,sep,0,sunday,0,1,0.58,0.563125,0.57,0.0901833,2166,5167,7333
623,14-09-2012,fall,2012,sep,0,friday,1,1,0.633333,0.594083,0.6725,0.103863,1379,6630,8009
486,30-04-2012,summer,2012,april,0,monday,1,2,0.464167,0.457696,0.57,0.171638,665,4907,5572
279,06-10-2011,winter,2011,oct,0,thursday,1,1,0.494167,0.480425,0.620833,0.134954,639,4126,4765
21,21-01-2011,spring,2011,Jan,0,friday,1,1,0.1775,0.157833,0.457083,0.353242,75,1468,1543
171,20-06-2011,summer,2011,june,0,monday,1,2,0.635,0.595346,0.74625,0.155475,699,3311,4010
402,06-02-2012,spring,2012,feb,0,monday,1,1,0.282609,0.296426,0.622174,0.1538,206,3578,3784
675,05-11-2012,winter,2012,nov,0,monday,1,1,0.319167,0.308075,0.494167,0.236325,378,4881,5259
567,20-07-2012,fall,2012,july,0,friday,1,2,0.665833,0.613025,0.844167,0.208967,747,5123,5870
177,26-06-2011,fall,2011,june,0,sunday,0,1,0.68,0.637629,0.513333,0.0945333,1920,3385,5305
328,24-11-2011,winter,2011,nov,1,thursday,0,1,0.373333,0.372471,0.549167,0.167304,560,935,1495
199,18-07-2011,fall,2011,july,0,monday,1,1,0.746667,0.703925,0.65125,0.215804,841,3617,4458
471,15-04-2012,summer,2012,april,0,sunday,0,1,0.606667,0.573875,0.507917,0.225129,2846,4286,7132
614,05-09-2012,fall,2012,sep,0,wednesday,1,1,0.736667,0.708983,0.74125,0.187808,832,6280,7112
267,24-09-2011,winter,2011,sep,0,saturday,0,2,0.606667,0.564412,0.8625,0.0783833,1776,3647,5423
493,07-05-2012,summer,2012,may,0,monday,1,2,0.5375,0.527142,0.664167,0.230721,1008,5265,6273
131,11-05-2011,summer,2011,may,0,wednesday,1,1,0.5425,0.5284,0.632917,0.120642,550,3632,4182
339,05-12-2011,winter,2011,dec,0,monday,1,2,0.385833,0.393925,0.827083,0.0622083,233,3578,3811
621,12-09-2012,fall,2012,sep,0,wednesday,1,1,0.599167,0.570075,0.577083,0.131846,1050,6820,7870
490,04-05-2012,summer,2012,may,0,friday,1,1,0.6275,0.590917,0.735417,0.162938,1069,5227,6296
573,26-07-2012,fall,2012,july,0,thursday,1,1,0.776667,0.739263,0.596667,0.284813,1036,5825,6861
607,29-08-2012,fall,2012,aug,0,wednesday,1,1,0.685,0.635733,0.552083,0.112562,1177,6520,7697
194,13-07-2011,fall,2011,july,0,wednesday,1,1,0.746667,0.689404,0.631667,0.146133,748,3594,4342
141,21-05-2011,summer,2011,may,0,saturday,0,1,0.6025,0.571975,0.626667,0.12065,2258,3547,5805
417,21-02-2012,spring,2012,feb,0,tuesday,1,1,0.287826,0.295113,0.594348,0.205717,163,3614,3777
477,21-04-2012,summer,2012,april,0,saturday,0,1,0.57,0.542921,0.682917,0.283587,2541,4083,6624
153,02-06-2011,summer,2011,june,0,thursday,1,1,0.715,0.643942,0.305,0.292287,736,4232,4968
695,25-11-2012,winter,2012,nov,0,sunday,0,1,0.245833,0.257583,0.468333,0.1505,309,2115,2424
11,11-01-2011,spring,2011,Jan,0,tuesday,1,2,0.169091,0.191464,0.686364,0.122132,43,1220,1263
270,27-09-2011,winter,2011,sep,0,tuesday,1,2,0.636667,0.574525,0.885417,0.118171,477,3643,4120
97,07-04-2011,summer,2011,april,0,thursday,1,1,0.4375,0.433696,0.602917,0.162312,571,2570,3141
211,30-07-2011,fall,2011,july,0,saturday,0,1,0.804167,0.728537,0.465833,0.168537,1559,2916,4475
723,23-12-2012,spring,2012,dec,0,sunday,0,1,0.245833,0.259471,0.515417,0.133083,408,1379,1787
570,23-07-2012,fall,2012,july,0,monday,1,1,0.741667,0.690017,0.694167,0.138683,1135,5831,6966
549,02-07-2012,fall,2012,july,0,monday,1,1,0.781667,0.702038,0.447083,0.195267,904,5323,6227
690,20-11-2012,winter,2012,nov,0,tuesday,1,2,0.374167,0.380667,0.685,0.082725,534,5100,5634
533,16-06-2012,summer,2012,june,0,saturday,0,1,0.631667,0.594708,0.504167,0.166667,2963,4739,7702
682,12-11-2012,winter,2012,nov,1,monday,0,1,0.485,0.475383,0.741667,0.173517,1097,5172,6269
333,29-11-2011,winter,2011,nov,0,tuesday,1,2,0.458333,0.451375,0.830833,0.258092,96,2818,2914
76,17-03-2011,spring,2011,mar,0,thursday,1,1,0.415,0.410333,0.602917,0.209579,424,2320,2744
78,19-03-2011,spring,2011,mar,0,saturday,0,1,0.4725,0.466525,0.379167,0.368167,1424,1693,3117
264,21-09-2011,fall,2011,sep,0,wednesday,1,2,0.595,0.550533,0.9,0.0964042,539,3813,4352
150,30-05-2011,summer,2011,may,1,monday,0,1,0.733333,0.671092,0.685,0.131225,1549,2549,4098
681,11-11-2012,winter,2012,nov,0,sunday,0,1,0.420833,0.421713,0.659167,0.1275,2290,4562,6852
515,29-05-2012,summer,2012,may,0,tuesday,1,1,0.7225,0.672992,0.684583,0.2954,880,4863,5743
687,17-11-2012,winter,2012,nov,0,saturday,0,1,0.325,0.326383,0.545417,0.179729,1313,4316,5629
470,14-04-2012,summer,2012,april,0,saturday,0,1,0.495,0.487996,0.502917,0.190917,2795,4665,7460
565,18-07-2012,fall,2012,july,0,wednesday,1,1,0.793333,0.745583,0.577083,0.137442,799,4914,5713
462,06-04-2012,summer,2012,april,0,friday,1,1,0.403333,0.390767,0.377083,0.300388,1807,4653,6460
254,11-09-2011,fall,2011,sep,0,sunday,0,1,0.653333,0.609229,0.71375,0.115054,1633,3413,5046
370,05-01-2012,spring,2012,Jan,0,thursday,1,1,0.265833,0.278412,0.524167,0.129987,140,3132,3272
322,18-11-2011,winter,2011,nov,0,friday,1,1,0.274167,0.272721,0.41,0.168533,245,3147,3392
152,01-06-2011,summer,2011,june,0,wednesday,1,2,0.764167,0.720967,0.677083,0.207092,513,3461,3974
303,30-10-2011,winter,2011,oct,0,sunday,0,1,0.319167,0.321329,0.62375,0.176617,885,2446,3331
191,10-07-2011,fall,2011,july,0,sunday,0,1,0.7475,0.690025,0.578333,0.183471,1743,3138,4881
587,09-08-2012,fall,2012,aug,0,thursday,1,1,0.755833,0.699508,0.620417,0.1561,1196,6090,7286
349,15-12-2011,winter,2011,dec,0,thursday,1,2,0.4225,0.412237,0.634167,0.268042,181,3528,3709
244,01-09-2011,fall,2011,sep,0,thursday,1,1,0.655,0.614921,0.639167,0.141796,783,4332,5115
88,29-03-2011,summer,2011,mar,0,tuesday,1,1,0.3025,0.292908,0.314167,0.226996,317,2108,2425
664,25-10-2012,winter,2012,oct,0,thursday,1,2,0.55,0.529688,0.800417,0.124375,875,6484,7359
419,23-02-2012,spring,2012,feb,0,thursday,1,1,0.454167,0.444446,0.554583,0.190913,516,4546,5062
289,16-10-2011,winter,2011,oct,0,sunday,0,1,0.511667,0.503154,0.486667,0.281717,1748,3293,5041
649,10-10-2012,winter,2012,oct,0,wednesday,1,1,0.514167,0.503142,0.630833,0.187821,780,6911,7691
167,16-06-2011,summer,2011,june,0,thursday,1,2,0.628333,0.595346,0.688333,0.206471,545,3222,3767
596,18-08-2012,fall,2012,aug,0,saturday,0,1,0.678333,0.618071,0.603333,0.177867,2827,5038,7865
685,15-11-2012,winter,2012,nov,0,thursday,1,2,0.321667,0.324492,0.620417,0.152987,320,5125,5445
156,05-06-2011,summer,2011,june,0,sunday,0,2,0.648333,0.616804,0.6525,0.138692,1685,3221,4906
357,23-12-2011,spring,2011,dec,0,friday,1,1,0.373333,0.377513,0.68625,0.274246,163,2046,2209
382,17-01-2012,spring,2012,Jan,0,tuesday,1,2,0.373043,0.364278,0.716087,0.34913,127,2808,2935
280,07-10-2011,winter,2011,oct,0,friday,1,1,0.510833,0.504404,0.684167,0.0223917,949,4036,4985
127,07-05-2011,summer,2011,may,0,saturday,0,1,0.52,0.512621,0.54125,0.16045,1612,3102,4714
23,23-01-2011,spring,2011,Jan,0,sunday,0,1,0.0965217,0.0988391,0.436522,0.2466,150,836,986
617,08-09-2012,fall,2012,sep,0,saturday,0,2,0.659167,0.611121,0.799167,0.281104,1557,4419,5976
666,27-10-2012,winter,2012,oct,0,saturday,0,2,0.53,0.515133,0.72,0.235692,2643,5209,7852
283,10-10-2011,winter,2011,oct,1,monday,0,1,0.570833,0.542925,0.73375,0.0423042,1514,3603,5117
472,16-04-2012,summer,2012,april,1,monday,0,1,0.664167,0.614925,0.561667,0.284829,1198,5172,6370
368,03-01-2012,spring,2012,Jan,0,tuesday,1,1,0.15,0.126275,0.44125,0.365671,89,2147,2236
26,26-01-2011,spring,2011,Jan,0,wednesday,1,3,0.2175,0.2036,0.8625,0.29385,34,472,506
197,16-07-2011,fall,2011,july,0,saturday,0,1,0.686667,0.638263,0.585,0.208342,2418,3505,5923
65,06-03-2011,spring,2011,mar,0,sunday,0,2,0.376522,0.366252,0.948261,0.343287,114,491,605
16,16-01-2011,spring,2011,Jan,0,sunday,0,1,0.231667,0.234217,0.48375,0.188433,251,953,1204
467,11-04-2012,summer,2012,april,0,wednesday,1,1,0.348696,0.337274,0.469565,0.295274,482,4380,4862
298,25-10-2011,winter,2011,oct,0,tuesday,1,1,0.471667,0.463375,0.622917,0.166658,695,3992,4687
622,13-09-2012,fall,2012,sep,0,thursday,1,1,0.6125,0.579558,0.637083,0.0827208,1054,6750,7804
337,03-12-2011,winter,2011,dec,0,saturday,0,1,0.299167,0.310604,0.612917,0.0957833,706,2908,3614
27,27-01-2011,spring,2011,Jan,0,thursday,1,1,0.195,0.2197,0.6875,0.113837,15,416,431
589,11-08-2012,fall,2012,aug,0,saturday,0,2,0.6925,0.638267,0.732917,0.206479,2247,4052,6299
44,13-02-2011,spring,2011,feb,0,sunday,0,1,0.316522,0.324113,0.457391,0.260883,397,1192,1589
498,12-05-2012,summer,2012,may,0,saturday,0,1,0.564167,0.544817,0.480417,0.123133,2622,4807,7429
516,30-05-2012,summer,2012,may,0,wednesday,1,2,0.656667,0.611129,0.67,0.134329,745,6110,6855
700,30-11-2012,winter,2012,nov,0,friday,1,1,0.298333,0.323867,0.649583,0.0584708,362,5306,5668
562,15-07-2012,fall,2012,july,0,sunday,0,1,0.745833,0.705196,0.717917,0.166667,1920,4111,6031
455,30-03-2012,summer,2012,mar,0,friday,1,2,0.37,0.375621,0.580833,0.138067,796,4663,5459
388,23-01-2012,spring,2012,Jan,0,monday,1,2,0.218333,0.243058,0.91125,0.110708,145,2287,2432
72,13-03-2011,spring,2011,mar,0,sunday,0,1,0.384348,0.380091,0.527391,0.270604,982,1435,2417
543,26-06-2012,fall,2012,june,0,tuesday,1,1,0.630833,0.594704,0.373333,0.347642,1077,6365,7442
457,01-04-2012,summer,2012,april,0,sunday,0,2,0.425833,0.417287,0.67625,0.172267,2347,3694,6041
634,25-09-2012,winter,2012,sep,0,tuesday,1,1,0.55,0.544179,0.57,0.236321,845,6693,7538
432,07-03-2012,spring,2012,mar,0,wednesday,1,1,0.404167,0.3851,0.513333,0.345779,432,4484,4916
628,19-09-2012,fall,2012,sep,0,wednesday,1,1,0.5525,0.540404,0.536667,0.215175,788,6803,7591
654,15-10-2012,winter,2012,oct,0,monday,1,2,0.561667,0.53915,0.7075,0.296037,760,5115,5875
265,22-09-2011,fall,2011,sep,0,thursday,1,2,0.628333,0.554963,0.902083,0.128125,555,4240,4795
210,29-07-2011,fall,2011,july,0,friday,1,1,0.838333,0.785967,0.5425,0.174138,670,3176,3846
317,13-11-2011,winter,2011,nov,0,sunday,0,1,0.440833,0.43055,0.458333,0.281721,1004,2713,3717
514,28-05-2012,summer,2012,may,1,monday,0,1,0.7125,0.6793,0.67625,0.196521,2557,3486,6043
314,10-11-2011,winter,2011,nov,0,thursday,1,2,0.38,0.373721,0.813333,0.189067,190,2743,2933
535,18-06-2012,summer,2012,june,0,monday,1,2,0.568333,0.544842,0.777917,0.174746,653,4446,5099
320,16-11-2011,winter,2011,nov,0,wednesday,1,3,0.456667,0.451988,0.93,0.136829,145,1672,1817
8,08-01-2011,spring,2011,Jan,0,saturday,0,2,0.165,0.162254,0.535833,0.266804,68,891,959
394,29-01-2012,spring,2012,Jan,0,sunday,0,1,0.2825,0.272721,0.31125,0.24005,558,2685,3243
142,22-05-2011,summer,2011,may,0,sunday,0,1,0.604167,0.5745,0.749583,0.148008,1576,3084,4660
87,28-03-2011,summer,2011,mar,0,monday,1,1,0.264348,0.257574,0.302174,0.212204,222,1806,2028
479,23-04-2012,summer,2012,april,0,monday,1,2,0.321667,0.301125,0.766667,0.303496,195,3019,3214
504,18-05-2012,summer,2012,may,0,friday,1,1,0.564167,0.551121,0.523333,0.136817,1521,6118,7639
216,04-08-2011,fall,2011,aug,0,thursday,1,2,0.71,0.664788,0.7575,0.19715,799,3777,4576
581,03-08-2012,fall,2012,aug,0,friday,1,2,0.765833,0.722867,0.6425,0.215792,1328,5847,7175
563,16-07-2012,fall,2012,july,0,monday,1,1,0.763333,0.724125,0.645,0.164187,1088,5742,6830
399,03-02-2012,spring,2012,feb,0,friday,1,1,0.313333,0.309346,0.526667,0.178496,310,3841,4151
669,30-10-2012,winter,2012,oct,0,tuesday,1,2,0.318182,0.309909,0.825455,0.213009,87,1009,1096
491,05-05-2012,summer,2012,may,0,saturday,0,2,0.621667,0.584608,0.756667,0.152992,2496,4387,6883
253,10-09-2011,fall,2011,sep,0,saturday,0,1,0.66,0.607962,0.75375,0.153608,1750,3595,5345
469,13-04-2012,summer,2012,april,0,friday,1,1,0.4425,0.431808,0.408333,0.155471,1252,5146,6398
358,24-12-2011,spring,2011,dec,0,saturday,0,1,0.3025,0.299242,0.5425,0.190304,155,856,1011
255,12-09-2011,fall,2011,sep,0,monday,1,1,0.644348,0.60213,0.692174,0.088913,690,4023,4713
277,04-10-2011,winter,2011,oct,0,tuesday,1,1,0.484167,0.472858,0.71,0.205854,486,3970,4456
179,28-06-2011,fall,2011,june,0,tuesday,1,1,0.744167,0.692558,0.634167,0.144283,732,3916,4648
282,09-10-2011,winter,2011,oct,0,sunday,0,1,0.540833,0.523983,0.7275,0.06345,2397,3114,5511
391,26-01-2012,spring,2012,Jan,0,thursday,1,2,0.341667,0.35605,0.769583,0.0733958,244,3831,4075
509,23-05-2012,summer,2012,may,0,wednesday,1,2,0.621667,0.584612,0.774583,0.102,766,4494,5260
584,06-08-2012,fall,2012,aug,0,monday,1,2,0.7525,0.710246,0.654167,0.129354,1233,5780,7013
130,10-05-2011,summer,2011,may,0,tuesday,1,1,0.5325,0.522721,0.489167,0.115671,694,4109,4803
145,25-05-2011,summer,2011,may,0,wednesday,1,1,0.660833,0.615542,0.69625,0.154233,740,4238,4978
646,07-10-2012,winter,2012,oct,0,sunday,0,2,0.415833,0.419813,0.708333,0.141162,781,2729,3510
716,16-12-2012,winter,2012,dec,0,sunday,0,2,0.3625,0.369938,0.83875,0.100742,538,3248,3786
73,14-03-2011,spring,2011,mar,0,monday,1,1,0.325217,0.332,0.496957,0.136926,359,1687,2046
236,24-08-2011,fall,2011,aug,0,wednesday,1,1,0.673333,0.630692,0.605,0.253108,949,4181,5130
38,07-02-2011,spring,2011,feb,0,monday,1,1,0.271667,0.303658,0.738333,0.0454083,120,1592,1712
